abbey	3.88
about	6.40
above	5.20
abuse	4.66
acids	3.85
acres	4.17
acted	4.28
actor	4.65
acute	4.00
adapt	3.98
added	5.16
admit	4.58
adopt	4.19
adore	3.70
adult	4.80
after	6.11
again	5.70
agent	4.81
aging	4.04
agree	4.97
ahead	5.01
aided	3.74
aimed	4.25
aired	3.85
aisle	3.72
alarm	4.28
album	5.02
alert	4.33
alien	4.29
alike	4.13
alive	4.76
alley	3.87
allow	5.01
alone	5.16
along	5.38
alpha	4.25
altar	3.80
alter	4.05
amber	3.97
amino	3.72
among	5.31
ample	3.71
angel	4.45
anger	4.42
angle	4.38
angry	4.66
anime	4.26
ankle	3.97
apart	4.78
apple	4.76
apply	4.81
areas	5.15
arena	4.33
argue	4.46
arise	3.93
armed	4.59
armor	3.97
arose	3.73
array	4.10
arrow	4.13
ashes	3.93
aside	4.59
asked	5.30
asses	3.79
asset	4.23
atlas	3.80
atoms	3.75
audio	4.47
audit	4.04
avoid	4.87
awake	4.14
award	4.88
aware	4.78
awful	4.46
backs	4.10
bacon	4.15
badge	4.02
badly	4.44
baked	3.92
baker	4.23
balls	4.52
bands	4.37
banks	4.69
baron	3.88
based	5.51
bases	4.18
basic	4.89
basil	3.65
basin	4.08
basis	4.81
batch	3.91
baths	3.67
beach	4.92
beads	3.69
beams	3.76
beans	4.14
beard	4.07
bears	4.34
beast	4.29
beats	4.22
beers	3.90
began	5.07
begin	4.84
begun	4.36
being	5.95
belle	3.79
bells	3.90
belly	4.10
below	5.05
belts	3.74
bench	4.39
berry	3.97
bible	4.54
bikes	3.89
bills	4.52
billy	4.33
bingo	3.71
birds	4.60
birth	4.77
bitch	4.76
bites	3.79
black	5.46
blade	4.19
blame	4.63
blank	4.14
blast	4.32
blaze	3.69
bleed	3.72
blend	3.95
bless	4.17
blind	4.52
blink	3.73
bliss	3.78
block	4.88
blood	5.10
bloom	3.93
blown	4.21
blows	4.04
blues	4.34
blunt	3.90
board	5.24
boats	4.25
bobby	4.22
bombs	4.15
bonds	4.27
bones	4.32
bonus	4.45
boobs	3.90
books	5.15
boost	4.41
booth	4.10
boots	4.33
booze	3.65
bored	4.20
borne	3.67
bound	4.46
bowls	3.75
boxer	3.74
boxes	4.34
brace	3.72
brain	4.94
brake	3.95
brand	4.83
brass	4.05
brave	4.33
bravo	3.77
bread	4.50
break	5.18
breed	4.08
brent	3.69
brick	4.25
bride	4.08
brief	4.52
bring	5.27
broad	4.53
brock	3.71
broke	4.85
brook	3.74
brown	5.01
brush	4.23
bucks	4.19
buddy	4.40
build	5.04
built	5.07
bulls	3.97
bully	3.87
bunch	4.57
bunny	3.88
burke	3.87
burns	4.24
burnt	4.03
burst	4.15
buses	4.02
buyer	4.03
cabin	4.13
cable	4.54
cakes	3.85
calif	3.83
calls	4.91
camps	4.19
canal	4.22
candy	4.29
canon	4.11
cards	4.76
cared	4.11
cares	4.40
cargo	4.19
carol	4.02
carry	4.89
cases	5.04
catch	4.87
cause	5.35
caves	3.69
cease	4.03
cedar	3.76
cells	4.75
cents	4.36
chain	4.65
chair	4.69
chalk	3.69
champ	3.90
chang	3.73
chaos	4.27
charm	4.12
chart	4.47
chase	4.44
cheap	4.71
cheat	4.06
check	5.31
cheek	3.96
cheer	4.06
chess	3.94
chest	4.52
chick	4.08
chief	5.11
child	5.30
chile	4.06
chili	3.73
chill	4.18
china	5.10
chips	4.21
choir	3.88
choke	3.72
chord	3.65
chose	4.55
chuck	4.17
cited	4.29
civic	4.00
civil	4.93
claim	4.95
clash	3.97
class	5.36
clean	4.97
clear	5.25
clerk	4.00
click	4.82
cliff	4.10
climb	4.22
clips	4.04
clock	4.43
clone	3.68
close	5.36
cloth	4.03
cloud	4.46
clown	3.93
clubs	4.51
clues	3.82
coach	4.96
coast	4.87
coats	3.74
codes	4.18
coins	4.26
colin	4.09
color	4.91
combo	3.80
comes	5.36
comic	4.42
congo	3.75
cooks	3.65
coral	3.86
corps	4.27
costa	4.15
costs	4.96
couch	4.17
cough	3.95
could	6.06
count	4.83
court	5.41
cover	5.08
crack	4.41
craft	4.30
crane	3.92
crash	4.55
crawl	3.77
crazy	5.07
cream	4.62
creed	3.70
creek	4.37
creep	3.84
crest	3.65
crews	3.89
cried	4.19
cries	3.93
crime	4.89
crisp	3.70
crops	4.05
cross	5.00
crowd	4.70
crown	4.56
crude	4.00
cruel	4.12
crush	4.17
crust	3.70
cubic	3.71
cured	3.74
curry	3.96
curse	4.07
curve	4.14
cycle	4.60
daddy	4.36
daily	5.07
dairy	4.09
daisy	3.78
dance	4.93
dated	4.29
dates	4.54
deals	4.59
dealt	4.20
death	5.40
debts	3.99
debut	4.52
decay	3.83
decor	3.65
deeds	3.79
delay	4.40
delta	4.12
demon	4.06
dense	3.98
depot	3.95
depth	4.55
derby	4.10
devil	4.30
devon	3.84
diary	4.09
diets	3.66
digit	3.77
dirty	4.55
disco	3.78
ditch	3.90
dodge	3.93
doing	5.60
dolls	3.81
donna	3.84
donor	3.92
doors	4.54
doses	3.78
doubt	4.90
dough	3.86
downs	3.93
dozen	4.35
draft	4.61
drain	4.07
drake	3.96
drama	4.67
drank	3.95
drawn	4.53
draws	4.10
dream	4.91
dress	4.76
dried	4.04
drift	3.82
drill	4.09
drink	4.90
drive	5.13
drone	4.00
drops	4.33
drove	4.36
drown	3.68
drugs	4.77
drums	3.93
drunk	4.61
ducks	3.90
dudes	3.95
dusty	3.67
dutch	4.41
dwarf	3.75
dying	4.63
eager	4.03
eagle	4.13
early	5.43
earth	5.06
eaten	4.13
edges	4.09
eight	5.02
elbow	3.84
elder	4.06
elect	4.03
elite	4.40
empty	4.59
ended	4.92
enemy	4.70
enjoy	5.09
enter	4.81
entry	4.67
equal	4.65
erase	3.66
error	4.55
essay	4.23
euros	3.78
event	5.18
every	5.79
exact	4.51
exams	4.00
excel	3.73
exile	3.84
exist	4.73
extra	4.98
faced	4.49
faces	4.59
facts	4.72
faded	3.73
fails	4.26
faint	3.78
fairy	4.08
faith	4.82
falls	4.63
false	4.63
fancy	4.35
farms	4.14
fatal	4.10
fatty	3.80
fault	4.64
favor	4.58
fears	4.17
feast	3.95
feeds	3.89
feels	4.90
fence	4.21
ferry	4.02
fetch	3.65
fever	4.22
fewer	4.31
fiber	4.06
fibre	3.67
field	5.24
fifth	4.78
fifty	4.29
fight	5.23
filed	4.49
files	4.46
fills	3.71
films	4.64
final	5.28
finds	4.61
fined	3.70
fines	3.78
fired	4.63
fires	4.17
firms	4.38
first	6.11
fixed	4.70
flags	4.09
flame	4.07
flash	4.45
flats	3.77
flaws	3.85
fleet	4.33
flesh	4.20
flies	4.09
flint	3.77
float	3.94
flock	3.69
flood	4.34
floor	4.94
flora	3.70
flour	4.00
flown	3.83
flows	4.14
fluid	4.22
flush	3.80
focal	3.67
focus	5.00
folks	4.59
foods	4.41
fools	3.88
force	5.23
forge	3.78
forms	4.73
forth	4.40
forty	4.20
forum	4.38
found	5.68
frame	4.58
frank	4.75
fraud	4.37
freak	4.08
freed	3.85
fresh	4.83
fried	4.06
fries	3.81
front	5.28
frost	3.95
fruit	4.57
fucks	3.90
fuels	3.82
fully	4.89
funds	4.74
funny	5.02
fuzzy	3.65
gains	4.25
games	5.44
gamma	3.70
gangs	3.73
gases	3.73
gates	4.30
gauge	4.02
gears	3.67
genes	4.14
genre	4.17
genus	3.73
ghost	4.42
giant	4.62
gifts	4.38
girls	5.17
given	5.41
gives	5.03
glass	4.85
globe	4.28
glory	4.36
glove	3.73
goals	4.95
goats	3.72
going	5.94
goods	4.60
goose	3.84
grabs	3.73
grace	4.56
grade	4.80
grain	4.18
grams	3.82
grand	4.91
grant	4.67
grape	3.70
graph	4.05
grasp	3.97
grass	4.38
grave	4.31
great	5.88
greed	3.73
greek	4.50
green	5.13
greet	3.73
grief	4.08
grill	3.84
grind	3.94
gross	4.45
group	5.57
grove	3.94
grown	4.67
grows	4.18
guard	4.73
guess	5.17
guest	4.58
guide	4.75
guild	3.93
guilt	4.13
habit	4.24
hairs	3.77
hairy	3.80
halls	3.85
hands	5.16
handy	3.97
hangs	3.70
happy	5.35
hardy	3.86
harry	4.72
harsh	4.14
hatch	3.82
hated	4.20
hates	4.15
haven	4.13
hawks	3.89
heads	4.67
heard	5.27
hears	3.78
heart	5.31
heath	3.76
heavy	4.96
hedge	3.74
heels	4.06
hello	4.72
helps	4.74
hence	4.38
henry	4.74
hides	3.69
hills	4.46
hints	3.85
hired	4.41
hobby	3.94
holds	4.60
holes	4.35
holly	3.88
homer	3.89
homes	4.69
honda	3.92
honey	4.37
honor	4.69
hoped	4.28
hopes	4.40
horns	3.80
horny	3.79
horse	4.76
hosts	4.23
hotel	4.95
hours	5.40
house	5.71
human	5.35
humor	4.19
hurry	4.14
hurts	4.30
hyper	3.69
icons	3.74
ideal	4.44
ideas	4.84
idiot	4.39
image	4.94
imply	3.83
index	4.57
indie	4.00
inner	4.50
input	4.35
inter	4.16
intro	3.81
irony	3.86
issue	5.23
items	4.78
ivory	3.85
japan	4.89
jeans	4.09
jelly	3.77
jenny	3.89
jerry	4.26
jesse	4.04
jewel	3.68
jimmy	4.44
johns	3.84
joins	4.04
joint	4.71
joker	3.74
jokes	4.33
jones	4.73
judge	4.95
juice	4.36
juicy	3.70
jumps	3.86
karma	3.88
keeps	4.67
kelly	4.44
kerry	3.85
kicks	4.07
kills	4.34
kinds	4.51
kings	4.41
kitty	3.98
knees	4.18
knife	4.41
knock	4.35
known	5.39
knows	5.07
label	4.43
labor	4.77
lacks	3.89
laden	3.74
lakes	4.14
lamps	3.73
lance	3.94
lands	4.37
lanes	3.97
large	5.39
laser	4.20
lasts	3.90
later	5.49
laugh	4.66
laura	4.24
layer	4.40
leads	4.65
leaks	3.88
learn	5.17
lease	4.17
least	5.44
leave	5.34
legal	5.08
legit	4.01
lemon	4.10
level	5.41
lewis	4.48
lifts	3.76
light	5.33
liked	4.76
likes	4.73
limbs	3.74
limit	4.70
lined	4.08
liner	3.75
lines	4.95
links	4.72
lions	4.18
lists	4.38
lived	4.88
liver	4.18
lives	5.14
loads	4.22
loans	4.51
lobby	4.03
local	5.43
locks	3.94
lodge	4.08
logan	4.04
logic	4.36
looks	5.36
loose	4.46
lords	4.08
loser	4.01
loses	4.11
louis	4.82
loved	5.00
lover	4.26
loves	4.66
lower	5.11
loyal	4.20
lucky	4.77
lunar	3.77
lunch	4.66
lungs	3.97
lying	4.67
lynch	3.94
macro	3.71
mafia	3.83
magic	4.76
major	5.30
maker	4.23
makes	5.46
males	4.21
manly	3.66
manor	3.81
maple	3.86
march	5.26
maria	4.34
marks	4.49
marry	4.40
marsh	3.87
masks	3.88
mason	4.14
match	5.13
mates	3.99
maths	3.75
maybe	5.45
mayor	4.62
meals	4.19
means	5.44
meant	4.94
medal	4.39
media	5.30
meets	4.36
mercy	4.25
merge	3.75
merit	4.08
merry	3.83
messy	3.87
metal	4.82
meter	4.09
metre	3.76
metro	4.18
micro	4.08
midst	3.89
might	5.66
miles	5.00
mills	4.22
minds	4.45
mines	4.18
minor	4.62
minus	4.00
mixed	4.64
model	5.13
modes	3.96
moist	3.69
molly	3.87
mommy	3.89
money	5.64
monks	3.72
monte	3.69
month	5.25
moody	3.70
moral	4.46
moron	3.75
motor	4.53
motto	3.72
mount	4.47
mouse	4.31
mouth	4.83
moved	5.01
moves	4.59
movie	5.16
music	5.52
myths	3.75
nails	4.04
naive	3.75
naked	4.43
named	4.95
names	4.91
nancy	4.14
nasty	4.22
naval	4.24
nazis	3.94
needs	5.37
nerve	4.19
never	5.91
newer	3.94
newly	4.42
niche	3.85
niece	3.82
night	5.61
ninja	3.87
ninth	4.07
noble	4.24
nodes	3.78
noise	4.55
noisy	3.67
norms	3.76
north	5.34
notch	3.78
noted	4.69
notes	4.84
novel	4.63
nurse	4.40
obese	3.68
occur	4.47
ocean	4.70
offer	5.05
often	5.41
older	4.92
olive	4.09
omega	3.78
onion	3.89
onset	3.72
opens	4.43
opera	4.27
opted	3.75
orbit	4.03
order	5.49
organ	4.14
other	6.16
ought	4.35
ounce	3.80
outer	4.25
owing	3.73
owned	4.76
owner	4.83
oxide	3.66
packs	3.94
pages	4.62
pains	3.84
paint	4.52
pairs	4.11
panel	4.55
panic	4.26
pants	4.48
paper	5.07
paris	4.82
parks	4.33
parts	5.07
party	5.49
pasta	3.92
paste	3.91
patch	4.20
paths	4.02
pause	4.00
peace	5.02
peach	3.77
peaks	3.87
pearl	4.14
pedro	3.75
peers	4.02
pence	3.66
penis	4.05
penny	4.07
perry	4.22
peter	4.88
petty	4.07
phase	4.64
phone	5.30
photo	4.97
piano	4.31
picks	4.24
piece	5.04
pills	4.05
pilot	4.52
pinch	3.76
piper	3.68
pipes	3.95
pitch	4.43
pixel	3.72
pizza	4.43
place	5.71
plain	4.43
plane	4.72
plans	5.01
plant	4.89
plate	4.55
plays	4.84
plaza	3.91
plots	3.77
poems	4.11
poets	3.84
point	5.54
poker	3.97
polar	3.96
poles	3.88
polls	4.10
pools	3.87
porch	3.85
ports	4.07
posed	3.81
poses	3.79
posts	4.65
pound	4.32
power	5.52
prank	3.70
press	5.16
price	5.23
pride	4.49
prime	4.81
print	4.54
prior	4.85
prize	4.59
probe	3.99
promo	3.81
prone	3.93
proof	4.70
props	3.72
prose	3.72
proud	4.78
prove	4.77
proxy	3.73
pulls	4.01
pulse	4.06
pumps	3.83
punch	4.32
pupil	3.81
puppy	4.00
purse	3.95
pussy	4.24
queen	4.86
queer	3.76
quest	4.27
queue	3.78
quick	4.98
quiet	4.65
quite	5.29
quote	4.51
rabbi	3.69
races	4.38
radar	4.20
radio	5.01
raids	3.89
rails	3.79
rains	3.84
rainy	3.74
raise	4.75
rally	4.34
ralph	4.10
ranch	4.03
randy	3.92
range	5.12
ranks	4.23
raped	4.08
rapid	4.38
rated	4.30
rates	4.88
ratio	4.37
raven	3.79
razor	3.72
reach	4.94
react	4.16
reads	4.25
ready	5.28
realm	4.06
rebel	4.08
refer	4.45
rehab	3.79
reign	4.07
relax	4.29
relay	3.86
remix	3.99
renew	3.73
repay	3.66
reply	4.50
reset	3.83
retro	3.73
rider	4.02
rides	4.06
ridge	4.12
rifle	4.18
right	5.96
rigid	3.75
riley	3.90
rings	4.33
riots	3.87
risen	3.86
rises	4.07
risks	4.35
risky	3.94
rival	4.18
river	5.03
roads	4.55
roast	3.87
robin	4.33
robot	4.24
rocks	4.38
rocky	4.16
roger	4.39
rogue	3.89
roles	4.44
rolls	4.23
roman	4.50
romeo	3.71
rooms	4.56
roots	4.34
ropes	3.66
roses	4.01
rouge	3.66
rough	4.49
round	5.14
route	4.67
rover	3.76
royal	4.85
rugby	4.40
ruins	4.02
ruled	4.30
ruler	3.84
rules	5.06
rumor	3.73
rural	4.59
sadly	4.18
safer	4.09
saint	4.41
salad	4.15
sales	5.02
sally	3.97
salon	3.87
salty	3.74
sands	3.81
sandy	4.19
sauce	4.30
saved	4.67
saves	4.07
scale	4.83
scare	4.07
scarf	3.68
scars	3.76
scary	4.37
scene	4.97
scent	3.82
scoop	3.69
scope	4.26
score	4.83
scots	3.74
scout	3.97
scrap	3.90
screw	4.25
scrub	3.69
seals	3.85
seats	4.53
seeds	4.28
seeks	4.13
seems	5.24
seize	3.80
sells	4.09
sends	4.15
sense	5.19
serum	3.74
serve	4.85
setup	4.09
seven	5.08
shade	4.16
shady	3.71
shaft	3.90
shake	4.33
shale	3.69
shall	5.03
shame	4.55
shape	4.72
share	5.20
shark	4.10
sharp	4.48
shave	3.83
shawn	3.81
sheep	4.19
sheer	4.01
sheet	4.40
shelf	4.02
shell	4.39
shift	4.57
shine	4.17
shiny	3.88
ships	4.55
shirt	4.63
shock	4.46
shoes	4.67
shook	4.05
shoot	4.73
shops	4.34
shore	4.33
short	5.33
shots	4.63
shout	4.06
shove	3.66
shown	4.90
shows	5.23
sided	3.94
sides	4.73
siege	3.93
sight	4.54
signs	4.71
silly	4.39
silva	3.77
since	5.75
sings	3.89
sites	4.74
sixth	4.38
sixty	3.93
sized	4.27
sizes	4.18
skate	3.74
skies	3.91
skill	4.42
skins	3.79
skirt	3.96
skull	4.09
slack	3.71
slate	3.82
slave	4.31
sleep	5.05
slept	4.18
slice	4.00
slick	3.71
slide	4.30
slope	3.90
slots	3.83
small	5.51
smart	4.83
smash	4.09
smell	4.49
smile	4.64
smith	4.89
smoke	4.67
snack	3.90
snail	3.67
snake	4.23
snaps	3.66
sneak	3.99
sober	3.94
socks	4.03
solar	4.53
solid	4.73
solve	4.42
songs	4.84
sonic	3.93
sorry	5.18
sorts	4.21
souls	4.21
sound	5.15
south	5.40
space	5.23
spare	4.28
spark	3.99
speak	5.03
spear	3.70
speed	5.00
spell	4.37
spend	4.97
spent	5.02
sperm	3.84
spice	3.94
spicy	3.80
spies	3.70
spike	3.96
spill	3.84
spine	3.93
spite	4.04
split	4.65
spoil	3.81
spoke	4.61
spoon	3.88
sport	4.73
spots	4.33
spray	4.18
spurs	4.00
squad	4.67
stack	4.05
staff	5.08
stage	5.10
stain	3.70
stake	4.15
stall	3.79
stamp	4.11
stand	5.14
stare	3.91
stark	4.01
stars	4.86
start	5.56
state	5.78
stats	4.33
stays	4.26
steak	3.97
steal	4.41
steam	4.52
steel	4.71
steep	3.99
steer	3.72
stems	3.83
steps	4.73
stern	3.90
stick	4.76
stiff	3.90
still	5.92
sting	3.80
stock	4.93
stoke	3.73
stole	4.21
stone	4.80
stood	4.57
stops	4.40
store	5.02
storm	4.66
story	5.45
stove	3.71
strap	3.79
straw	3.99
stray	3.74
strip	4.36
stuck	4.68
study	5.26
stuff	5.14
stunt	3.86
style	5.11
sucks	4.38
sugar	4.68
suite	4.18
suits	4.25
sunny	4.07
super	5.08
surge	3.82
sushi	3.68
swamp	3.84
swear	4.51
sweat	4.14
sweep	3.97
sweet	4.91
swept	3.94
swift	4.15
swing	4.34
swiss	4.21
sword	4.37
sworn	3.90
syrup	3.76
table	5.05
tails	3.68
taken	5.33
takes	5.18
tales	4.10
talks	4.61
tanks	4.27
tapes	3.82
tasks	4.23
taste	4.73
tasty	3.84
taxes	4.65
teach	4.67
teams	4.97
tears	4.47
teddy	3.88
teens	4.16
teeth	4.58
tells	4.78
tempo	3.74
tends	4.12
tense	3.95
tenth	3.92
terms	5.10
terry	4.24
tesla	3.77
tests	4.67
texas	4.89
texts	4.34
thank	5.48
theft	4.13
their	6.33
theme	4.62
there	6.31
these	6.04
thick	4.46
thief	3.88
thigh	3.73
thing	5.72
think	6.08
third	5.32
those	5.90
three	5.78
threw	4.46
throw	4.83
thumb	4.01
tidal	3.70
tiger	4.30
tight	4.57
tiles	3.71
timer	3.68
times	5.56
tired	4.71
tires	4.03
titan	3.69
title	5.10
toast	3.96
today	5.55
token	3.82
tommy	4.16
tones	3.76
tools	4.59
tooth	4.08
topic	4.49
torch	3.74
total	5.21
touch	4.91
tough	4.77
tours	4.14
towel	3.94
tower	4.50
towns	4.39
toxic	4.24
trace	4.19
track	5.02
tract	3.71
trade	5.12
trail	4.45
train	4.96
trait	3.69
trans	4.41
traps	3.76
trash	4.42
treat	4.75
trees	4.69
trend	4.51
trial	4.87
tribe	4.12
trick	4.48
tried	5.16
tries	4.53
trips	4.23
troll	3.73
troop	3.69
trout	3.78
truck	4.64
truly	4.87
trump	4.93
trunk	4.03
trust	5.13
truth	5.05
tubes	3.94
tumor	3.97
tuned	3.87
tunes	3.82
turbo	3.74
turks	3.66
turns	4.76
tutor	3.67
tweet	4.17
twice	4.84
twins	4.15
twist	4.22
tying	3.68
types	4.85
ultra	4.23
uncle	4.45
under	5.73
union	5.08
unite	3.90
units	4.77
unity	4.22
until	5.61
upper	4.72
upset	4.61
urban	4.65
urged	4.01
urges	3.69
urine	3.84
usage	4.23
users	4.80
using	5.47
usual	4.62
utter	3.85
vague	3.87
valid	4.38
value	5.15
valve	4.13
vault	3.90
vegan	3.95
veins	3.76
venue	4.25
verge	3.67
verse	4.18
video	5.43
views	4.83
villa	4.20
vinyl	4.00
viral	4.08
virus	4.42
visit	5.04
vista	3.71
vital	4.38
vivid	3.75
vocal	4.16
vodka	3.83
vogue	3.71
voice	5.07
voted	4.62
voter	4.11
votes	4.64
wages	4.25
wagon	3.90
waist	3.96
waits	3.68
wakes	3.68
wales	4.60
walks	4.32
walls	4.62
wants	5.24
warns	3.73
waste	4.81
watch	5.34
water	5.52
watts	3.79
waves	4.37
wears	4.08
weeks	5.19
weigh	3.99
weird	4.81
wells	4.25
welsh	4.15
whale	3.98
whats	3.88
wheat	4.01
wheel	4.50
where	6.00
which	6.30
while	5.86
white	5.51
whole	5.46
whore	3.86
whose	5.07
wider	4.24
widow	4.08
width	4.02
winds	4.22
wines	3.80
wings	4.44
wiped	3.86
wired	3.80
wires	3.85
witch	4.11
wives	4.08
woman	5.35
women	5.57
woods	4.45
woody	3.82
words	5.25
works	5.29
world	5.89
worms	3.78
worry	4.84
worse	4.89
worst	4.93
worth	5.16
would	6.27
wound	4.24
wrath	3.70
wreck	3.96
wrist	4.01
write	5.03
wrong	5.39
wrote	5.04
yacht	3.82
yahoo	3.86
yards	4.51
years	5.96
yeast	3.67
yield	4.16
young	5.43
yours	4.75
youth	4.75
zones	4.12
