aahed	0.00
aalii	0.00
aargh	1.83
abaca	1.77
abaci	1.19
aback	2.99
abaft	1.80
abaka	0.00
abamp	0.00
abase	1.56
abash	1.02
abate	2.68
abbas	3.41
abbes	1.21
abbey	3.88
abbot	3.43
abeam	1.75
abele	1.77
abets	1.62
abhor	2.64
abide	3.59
abler	1.29
ables	1.73
abmho	0.00
abode	3.13
abohm	0.00
aboil	0.00
aboma	0.00
aboon	0.00
abort	3.27
about	6.40
above	5.20
abris	0.00
abuse	4.66
abuts	2.27
abuzz	2.30
abyes	0.00
abysm	0.00
abyss	3.40
acari	1.79
acerb	0.00
aceta	0.00
ached	2.41
aches	3.28
achoo	1.70
acids	3.85
acidy	0.00
acing	2.02
acini	1.12
ackee	1.60
acmes	0.00
acmic	0.00
acned	0.00
acnes	1.66
acock	1.08
acold	0.00
acorn	3.08
acred	0.00
acres	4.17
acrid	2.37
acted	4.28
actin	3.14
actor	4.65
acute	4.00
acyls	0.00
adage	2.95
adapt	3.98
addax	1.33
added	5.16
adder	2.69
addle	1.69
adeem	0.00
adept	3.33
adieu	2.83
adios	2.68
adits	1.40
adman	1.51
admen	1.11
admit	4.58
admix	0.00
adobe	3.53
adobo	2.14
adopt	4.19
adore	3.70
adorn	3.01
adown	1.59
adoze	0.00
adult	4.80
adunc	0.00
adust	0.00
adyta	0.00
adzes	1.46
aecia	0.00
aedes	2.47
aegis	3.06
aeons	2.24
aerie	2.17
afars	1.04
affix	2.63
afire	2.46
afoot	2.89
afore	2.42
afoul	2.63
afrit	0.00
after	6.11
again	5.70
agama	1.98
agape	2.65
agars	0.00
agate	2.81
agave	2.74
agaze	0.00
agene	0.00
agent	4.81
agers	2.21
agger	2.29
aggie	2.85
aggro	2.46
aghas	0.00
agile	3.41
aging	4.04
agios	1.99
agism	0.00
agist	0.00
aglee	0.00
aglet	1.32
agley	0.00
aglow	2.21
agmas	0.00
agone	1.56
agons	0.00
agony	3.60
agora	2.72
agree	4.97
agria	1.14
agues	0.00
ahead	5.01
ahold	2.86
ahull	0.00
aided	3.74
aider	1.94
aides	3.41
ailed	1.64
aimed	4.25
aimer	2.06
aioli	2.31
aired	3.85
airer	1.01
airns	0.00
airth	1.36
airts	0.00
aisle	3.72
aitch	1.64
aiver	0.00
ajiva	0.00
ajuga	1.15
akees	0.00
akela	1.86
akene	0.00
alack	1.78
alamo	3.08
aland	2.02
alane	1.41
alang	1.79
alans	2.14
alant	0.00
alarm	4.28
alary	1.42
alate	1.19
albas	1.18
album	5.02
alcid	0.00
alder	2.97
aldol	1.70
alecs	1.15
alefs	0.00
aleph	2.39
alert	4.33
alfas	1.31
algae	3.54
algal	2.69
algas	0.00
algid	0.00
algin	0.00
algor	1.12
algum	0.00
alias	3.46
alibi	3.10
alien	4.29
alifs	0.00
align	3.63
alike	4.13
aline	2.58
alist	1.52
alive	4.76
aliya	2.23
alkyd	1.77
alkyl	2.81
allay	2.69
allee	2.09
alley	3.87
allod	0.00
allot	2.79
allow	5.01
alloy	3.61
allyl	2.09
almah	1.15
almas	2.04
almeh	0.00
almes	0.00
almud	0.00
almug	0.00
aloes	1.90
aloft	3.08
aloha	3.09
aloin	0.00
alone	5.16
along	5.38
aloof	2.99
aloud	3.51
alpha	4.25
altar	3.80
alter	4.05
altho	2.65
altos	2.54
alula	1.43
alums	2.42
alway	2.59
amahs	0.00
amain	1.37
amass	2.77
amaze	3.19
amber	3.97
ambit	2.45
amble	2.30
ambos	1.90
ambry	1.13
ameba	1.58
ameer	2.48
amend	3.55
amens	1.33
ament	1.79
amias	1.15
amice	1.50
amici	2.25
amide	2.44
amido	1.77
amids	0.00
amies	1.75
amiga	2.73
amigo	2.86
amine	2.79
amino	3.72
amins	0.00
amirs	1.58
amiss	2.93
amity	2.89
ammos	1.55
amnia	0.00
amnic	0.00
amoks	0.00
amole	1.19
among	5.31
amort	0.00
amour	3.03
ample	3.71
amply	2.61
ampul	0.00
amuck	2.05
amuse	3.12
amyls	0.00
ancon	1.72
anear	0.00
anele	1.49
anent	2.22
angas	1.90
angel	4.45
anger	4.42
angle	4.38
angry	4.66
angst	3.26
anile	1.09
anils	0.00
anima	2.76
anime	4.26
animi	1.27
anion	2.70
anise	2.65
ankhs	0.00
ankle	3.97
ankus	0.00
anlas	0.00
annal	1.64
annas	2.19
annex	3.50
annoy	3.46
annul	2.49
anoas	0.00
anode	2.86
anole	1.55
anomy	0.00
ansae	0.00
antae	0.00
antas	0.00
anted	1.53
antes	2.15
antic	2.33
antis	2.27
antra	1.19
antre	0.00
antsy	2.52
anvil	3.04
aorta	2.92
apace	2.46
apart	4.78
apeak	0.00
apeek	0.00
apers	0.00
apery	0.00
aphid	2.39
aphis	2.21
apian	1.25
aping	2.09
apish	1.13
apnea	3.00
apods	0.00
aport	1.16
appal	1.63
appel	2.53
apple	4.76
apply	4.81
apres	2.07
apron	3.36
apses	1.53
apsis	1.05
apter	1.79
aptly	3.12
aquae	1.68
aquas	1.50
araks	0.00
arbor	3.49
arced	1.91
arcus	1.87
ardeb	0.00
ardor	2.34
areae	0.00
areal	2.39
areas	5.15
areca	1.93
areic	0.00
arena	4.33
arete	1.92
argal	1.10
argil	0.00
argle	0.00
argol	1.01
argon	2.86
argot	1.94
argue	4.46
argus	3.05
arhat	1.54
arias	3.10
ariel	3.54
arils	1.23
arise	3.93
arles	2.46
armed	4.59
armer	1.83
armet	0.00
armor	3.97
aroid	1.21
aroma	3.23
arose	3.73
arpen	0.00
arras	2.55
array	4.10
arris	2.07
arrow	4.13
arses	2.47
arsis	1.34
arson	3.40
artal	0.00
artel	1.40
artsy	2.89
arums	0.00
arval	1.05
arvos	0.00
aryls	0.00
asana	2.23
ascot	3.06
ascus	1.51
asdic	1.26
ashed	1.48
ashen	2.48
ashes	3.93
aside	4.59
asked	5.30
asker	2.08
askew	2.72
askoi	0.00
askos	0.00
aspen	3.43
asper	1.88
aspic	2.09
aspis	1.17
assai	1.64
assay	3.28
asses	3.79
asset	4.23
aster	2.81
astir	1.60
asyla	0.00
ataps	0.00
ataxy	0.00
atilt	0.00
atlas	3.80
atman	2.23
atmas	0.00
atoll	2.85
atoms	3.75
atomy	1.10
atone	2.86
atony	1.06
atopy	1.57
atria	2.38
atrip	0.00
attar	2.23
attic	3.63
audad	0.00
audio	4.47
audit	4.04
auger	2.77
aught	2.43
augur	2.48
aulic	1.15
aunts	3.21
aunty	3.16
aurae	0.00
aural	2.78
aurar	0.00
auras	2.37
aurei	0.00
aures	1.34
auric	2.07
auris	1.82
aurum	2.24
autos	3.12
auxin	2.18
avail	3.59
avant	3.36
avast	2.45
avens	1.32
avers	1.87
avert	3.14
avgas	1.53
avian	3.14
avion	1.93
aviso	1.47
avoid	4.87
avows	1.18
await	3.63
awake	4.14
award	4.88
aware	4.78
awash	2.76
awful	4.46
awing	1.37
awned	0.00
awoke	3.15
awols	0.00
axels	1.67
axial	3.15
axile	0.00
axils	2.08
axing	2.20
axiom	3.02
axion	1.93
axite	0.00
axled	0.00
axles	2.98
axman	1.23
axmen	0.00
axone	0.00
axons	2.59
ayahs	1.23
ayins	0.00
azans	0.00
azide	2.06
azido	1.24
azine	0.00
azlon	0.00
azoic	1.07
azole	1.36
azons	0.00
azote	1.19
azoth	1.29
azure	3.35
baaed	0.00
baals	1.22
babas	1.69
babel	2.91
babes	3.39
babka	1.74
baboo	1.71
babul	1.59
babus	1.53
bacca	2.00
backs	4.10
bacon	4.15
baddy	1.72
badge	4.02
badly	4.44
baffs	0.00
baffy	0.00
bagel	3.18
baggy	3.16
bahts	1.17
bails	2.56
bairn	2.04
baith	1.34
baits	2.65
baiza	0.00
baize	1.83
baked	3.92
baker	4.23
bakes	2.73
balas	1.68
balds	1.31
baldy	2.58
baled	1.79
baler	2.26
bales	2.97
balks	2.09
balky	1.57
balls	4.52
bally	2.73
balms	2.24
balmy	2.70
balsa	2.48
banal	2.88
banco	3.03
bands	4.37
bandy	2.55
baned	0.00
banes	2.12
bangs	3.45
banjo	3.27
banks	4.69
banns	2.02
banty	1.27
barbe	2.09
barbs	2.81
barde	1.44
bards	2.70
bared	2.64
barer	1.63
bares	2.50
barfs	1.58
barge	3.50
baric	1.33
barks	3.01
barky	1.59
barms	0.00
barmy	2.32
barns	3.14
barny	1.69
baron	3.88
barre	3.08
barye	1.22
basal	3.40
based	5.51
baser	2.14
bases	4.18
basic	4.89
basil	3.65
basin	4.08
basis	4.81
basks	1.88
bassi	2.03
basso	2.44
bassy	1.92
baste	2.39
basts	1.01
batch	3.91
bated	2.33
bates	3.64
bathe	3.22
baths	3.67
batik	2.54
baton	3.64
batts	2.34
battu	0.00
batty	2.79
bauds	0.00
baulk	2.10
bawds	1.13
bawdy	2.56
bawls	1.64
bawty	0.00
bayed	1.60
bayou	3.14
bazar	2.57
bazoo	1.04
beach	4.92
beads	3.69
beady	2.48
beaks	2.74
beaky	1.79
beams	3.76
beamy	1.22
beano	2.31
beans	4.14
beard	4.07
bears	4.34
beast	4.29
beats	4.22
beaus	1.73
beaut	2.56
beaux	2.73
bebop	2.83
becap	0.00
becks	2.46
bedel	1.58
bedew	0.00
bedim	0.00
beech	3.27
beefs	2.37
beefy	2.74
beeps	2.73
beers	3.90
beery	2.15
beets	3.07
befit	2.07
befog	0.00
began	5.07
begat	2.41
beget	2.39
begin	4.84
begot	1.97
begum	2.56
begun	4.36
beige	3.30
beigy	0.00
being	5.95
belay	2.43
belch	2.27
belga	1.29
belie	2.45
belle	3.79
bells	3.90
belly	4.10
below	5.05
belts	3.74
bemas	0.00
bemix	0.00
bench	4.39
bends	3.34
bendy	2.55
benes	2.19
benne	1.57
benni	1.77
benny	3.60
bents	1.71
beret	2.92
bergs	1.85
berme	0.00
berms	2.03
berry	3.97
berth	3.44
beryl	2.91
beset	3.08
besom	1.50
besot	0.00
bests	2.59
betas	2.48
betel	2.53
beths	1.27
beton	1.81
betta	2.79
bevel	2.61
bevor	1.21
bewig	0.00
bezel	2.80
bezil	0.00
bhang	1.77
bhoot	1.44
bhuts	0.00
biali	0.00
bialy	1.40
bibbs	1.72
bible	4.54
bices	0.00
biddy	2.39
bided	1.78
bider	0.00
bides	1.65
bidet	2.58
bield	1.11
biers	1.41
biffs	1.31
biffy	2.19
bifid	1.54
bight	2.67
bigly	2.37
bigot	3.18
bijou	2.49
biked	2.31
biker	3.37
bikes	3.89
bikie	1.62
bilbo	2.83
biles	2.32
bilge	2.67
bilgy	0.00
bilks	0.00
bills	4.52
billy	4.33
bimah	1.12
bimas	0.00
bimbo	2.87
binal	0.00
bindi	2.37
binds	3.38
bines	1.69
binge	3.60
bingo	3.71
binit	0.00
bints	0.00
biome	2.73
biont	0.00
biota	2.49
biped	2.01
bipod	2.07
birch	3.50
birds	4.60
birks	2.27
birle	0.00
birls	0.00
birrs	0.00
birse	1.16
birth	4.77
bises	0.00
bisks	0.00
bison	3.26
bitch	4.76
biter	2.60
bites	3.79
bitsy	2.28
bitts	1.37
bitty	2.79
bizes	0.00
blabs	1.48
black	5.46
blade	4.19
blahs	1.65
blain	2.31
blame	4.63
blams	0.00
bland	3.50
blank	4.14
blare	2.39
blase	2.16
blast	4.32
blate	0.00
blats	0.00
blawn	0.00
blaws	0.00
blaze	3.69
bleak	3.43
blear	0.00
bleat	2.12
blebs	1.44
bleed	3.72
bleep	3.08
blend	3.95
blent	1.28
bless	4.17
blest	2.16
blets	0.00
blimp	2.78
blimy	0.00
blind	4.52
blini	1.52
blink	3.73
blips	2.38
bliss	3.78
blite	0.00
blitz	3.57
bloat	2.60
blobs	2.58
block	4.88
blocs	2.68
bloke	3.55
blond	3.55
blood	5.10
bloom	3.93
bloop	2.43
blots	2.30
blown	4.21
blows	4.04
blowy	1.65
blubs	1.05
blued	2.15
bluer	2.22
blues	4.34
bluet	1.22
bluey	2.21
bluff	3.58
blume	2.53
blunt	3.90
blurb	2.79
blurs	2.62
blurt	2.48
blush	3.56
blype	0.00
board	5.24
boars	2.74
boart	1.25
boast	3.51
boats	4.25
bobby	4.22
bocce	2.26
bocci	1.34
boche	1.85
bocks	1.48
boded	1.58
bodes	2.58
boffo	1.57
boffs	0.00
bogan	2.55
bogey	2.92
boggy	2.42
bogie	2.46
bogle	2.29
bogus	3.43
bohea	0.00
boils	3.29
boing	2.74
boite	1.83
bolar	1.57
bolas	2.11
bolds	1.34
boles	2.47
bolls	1.40
bolos	1.67
bolts	3.62
bolus	2.60
bombe	1.93
bombs	4.15
bonds	4.27
boned	2.88
boner	3.21
bones	4.32
boney	2.50
bongo	2.87
bongs	2.48
bonks	1.69
bonne	2.67
bonny	2.84
bonus	4.45
bonze	1.28
boobs	3.90
booby	2.98
booed	3.09
boogy	1.42
books	5.15
booms	3.00
boomy	1.53
boons	2.20
boors	1.58
boost	4.41
booth	4.10
boots	4.33
booty	3.59
booze	3.65
boozy	2.52
boral	1.73
boras	2.24
borax	2.48
bored	4.20
borer	2.53
bores	2.84
boric	2.31
borne	3.67
boron	2.92
borts	1.06
borty	0.00
bortz	1.52
bosks	0.00
bosky	1.38
bosom	3.05
boson	2.76
bossy	2.97
bosun	1.89
botas	1.56
botch	2.40
botel	0.00
bothy	2.06
botts	1.99
bough	2.73
boule	2.12
bound	4.46
bourg	2.26
bourn	2.16
bouse	1.46
bousy	0.00
bouts	3.21
bovid	1.19
bowed	3.33
bowel	3.55
bower	3.00
bowls	3.75
bowse	0.00
boxed	3.34
boxer	3.74
boxes	4.34
boyar	1.91
boyla	0.00
boyos	1.53
bozos	2.12
brace	3.72
brach	2.05
bract	1.83
brads	1.99
braes	2.01
brags	2.66
braid	3.24
brail	1.44
brain	4.94
brake	3.95
braky	0.00
brand	4.83
brank	1.05
brans	1.59
brant	2.90
brash	2.95
brass	4.05
brats	2.91
brava	2.61
brave	4.33
bravi	1.47
bravo	3.77
brawl	3.53
brawn	2.76
braws	0.00
braxy	0.00
brays	1.79
braza	0.00
braze	1.84
bread	4.50
break	5.18
bream	2.69
brede	1.97
breed	4.08
brees	2.98
brens	1.16
brent	3.69
breve	2.11
brews	2.99
briar	2.86
bribe	3.50
brick	4.25
bride	4.08
brief	4.52
brier	2.35
bries	0.00
brigs	1.95
brill	3.06
brims	2.16
brine	3.07
bring	5.27
brink	3.51
brins	0.00
briny	2.20
brios	0.00
brisk	3.20
brits	3.54
britt	3.18
broad	4.53
brock	3.71
broil	2.44
broke	4.85
brome	2.13
bromo	2.31
bronc	2.04
brood	3.25
brook	3.74
broom	3.42
broos	1.06
brose	1.78
brosy	0.00
broth	3.39
brown	5.01
brows	3.34
brugh	1.41
bruin	2.52
bruit	1.74
brume	1.53
brunt	3.12
brush	4.23
brusk	0.00
brute	3.42
bubal	0.00
bubby	2.13
bucko	2.17
bucks	4.19
buddy	4.40
budge	3.23
buffi	0.00
buffo	1.36
buffs	3.02
buffy	3.42
buggy	3.32
bugle	2.92
buhls	0.00
buhrs	0.00
build	5.04
built	5.07
bulbs	3.55
bulge	3.24
bulgy	1.56
bulks	1.99
bulky	3.30
bulla	2.24
bulls	3.97
bully	3.87
bumfs	0.00
bumph	0.00
bumps	3.60
bumpy	3.18
bunch	4.57
bunco	1.76
bunds	1.93
bundt	2.15
bungs	1.58
bunko	1.76
bunks	2.63
bunns	0.00
bunny	3.88
bunts	1.92
bunya	1.37
buoys	2.77
buran	1.65
buras	1.38
burbs	2.41
burds	1.05
buret	1.15
burgh	2.86
burgs	1.56
burin	1.86
burke	3.87
burls	1.61
burly	2.82
burns	4.24
burnt	4.03
burps	2.26
burro	2.35
burrs	2.22
burry	2.30
bursa	2.60
burse	1.63
burst	4.15
busby	2.68
bused	2.11
buses	4.02
bushy	2.98
busks	1.21
busts	3.17
busty	3.07
butch	3.37
buteo	1.63
butle	0.00
butte	3.09
butts	3.53
butty	1.99
butut	0.00
butyl	2.50
buxom	2.38
buyer	4.03
bwana	1.97
bylaw	2.60
byres	1.81
byrls	0.00
byssi	0.00
bytes	3.26
byway	2.23
cabal	3.04
cabby	1.95
caber	1.91
cabin	4.13
cable	4.54
cabob	0.00
cacao	2.86
cacas	0.00
cache	3.63
cacti	2.75
caddy	2.96
cades	1.80
cadet	3.35
cadge	1.41
cadgy	0.00
cadis	0.00
cadre	3.04
caeca	1.35
cafes	3.33
caffs	0.00
caged	3.06
cager	1.54
cages	3.43
cagey	2.39
cahow	1.12
caids	0.00
cains	1.66
caird	2.18
cairn	2.87
cajon	2.45
caked	2.70
cakes	3.85
cakey	2.12
calfs	1.59
calif	3.83
calix	1.60
calks	1.21
calla	2.36
calls	4.91
calms	2.98
calve	1.96
calyx	2.45
camas	2.14
camel	3.64
cameo	3.48
cames	1.51
campi	1.88
campo	2.87
camps	4.19
campy	2.51
canal	4.22
candy	4.29
caned	2.18
caner	1.80
canes	3.11
canid	1.74
canna	2.49
canny	2.89
canoe	3.50
canon	4.11
canso	1.84
canst	2.34
canto	2.81
cants	1.68
canty	1.95
caped	2.36
caper	2.86
capes	3.00
caphs	0.00
capon	2.19
capos	1.87
caput	2.08
carat	3.15
carbo	2.31
carbs	3.36
cards	4.76
cared	4.11
carer	2.86
cares	4.40
caret	1.91
carex	2.17
cargo	4.19
carks	0.00
carle	2.53
carls	1.93
carns	1.36
carny	1.97
carob	2.11
carol	4.02
carom	1.97
carpi	2.02
carps	1.85
carrs	1.70
carry	4.89
carse	1.70
carte	3.16
carts	3.45
carve	3.41
casas	2.66
cased	2.58
cases	5.04
casks	2.71
casky	0.00
caste	3.60
casts	3.58
casus	2.20
catch	4.87
cater	3.55
cates	2.58
catty	2.56
cauld	1.29
caulk	2.29
cauls	0.00
cause	5.35
caved	2.98
caver	1.77
caves	3.69
cavie	0.00
cavil	2.04
cawed	0.00
cease	4.03
cebid	0.00
cecal	1.50
cecum	1.81
cedar	3.76
ceded	3.03
ceder	1.35
cedes	2.09
cedis	1.72
ceiba	1.88
ceils	0.00
celeb	3.00
cella	2.10
celli	1.74
cello	3.29
cells	4.75
celom	0.00
celts	2.82
cense	1.36
cento	2.27
cents	4.36
ceorl	0.00
cepes	1.01
cerci	1.96
cered	0.00
ceres	2.86
ceria	1.69
ceric	1.28
ceros	1.03
cesta	1.46
cesti	0.00
cetes	0.00
chads	1.98
chafe	2.40
chaff	2.75
chain	4.65
chair	4.69
chalk	3.69
champ	3.90
chams	1.43
chang	3.73
chant	3.60
chaos	4.27
chape	1.41
chaps	3.12
chapt	1.47
chard	2.71
chare	1.38
chark	1.38
charm	4.12
charr	1.91
chars	2.50
chart	4.47
chary	1.64
chase	4.44
chasm	2.96
chats	3.37
chaws	0.00
chays	0.00
cheap	4.71
cheat	4.06
check	5.31
cheek	3.96
cheep	2.47
cheer	4.06
chefs	3.64
chela	1.98
chemo	3.25
chert	2.26
chess	3.94
chest	4.52
cheth	0.00
chevy	3.53
chews	2.78
chewy	2.94
chiao	2.15
chias	0.00
chick	4.08
chico	3.21
chics	1.57
chide	2.18
chief	5.11
chiel	1.12
child	5.30
chile	4.06
chili	3.73
chill	4.18
chimb	0.00
chime	3.14
chimp	2.95
china	5.10
chine	2.52
chink	2.61
chino	3.02
chins	2.69
chips	4.21
chirk	1.81
chirm	0.00
chiro	2.03
chirp	2.79
chirr	0.00
chits	1.86
chive	2.21
chivy	0.00
chock	2.86
choir	3.88
choke	3.72
choky	1.16
cholo	2.35
chomp	2.53
chook	2.16
chops	3.38
chord	3.65
chore	3.15
chose	4.55
chott	0.00
chows	1.87
chubs	2.00
chuck	4.17
chufa	0.00
chuff	1.71
chugs	2.21
chump	2.91
chums	2.60
chunk	3.64
churl	1.51
churn	3.07
churr	0.00
chute	3.19
chyle	1.40
chyme	1.34
cibol	0.00
cider	3.50
cigar	3.57
cilia	2.65
cimex	1.46
cinch	2.65
cines	1.32
cions	0.00
circa	3.57
cires	1.15
cirri	1.64
cisco	3.49
cissy	2.33
cists	1.38
cited	4.29
citer	0.00
cites	3.61
civet	2.12
civic	4.00
civie	0.00
civil	4.93
civvy	1.57
clach	1.02
clack	2.61
clade	2.37
clads	1.34
clags	0.00
claim	4.95
clamp	3.45
clams	3.13
clang	2.63
clank	2.66
clans	3.45
claps	2.89
clapt	0.00
claro	2.44
clary	2.78
clash	3.97
clasp	3.10
class	5.36
clast	1.55
clave	2.25
clavi	0.00
claws	3.56
clays	2.79
clean	4.97
clear	5.25
cleat	2.37
cleek	1.31
clefs	1.63
cleft	2.94
clepe	0.00
clept	0.00
clerk	4.00
clews	1.82
click	4.82
cliff	4.10
clift	2.41
climb	4.22
clime	1.94
cline	2.84
cling	3.49
clink	2.62
clips	4.04
clipt	0.00
cloak	3.57
clock	4.43
clods	2.00
clogs	2.79
clomb	0.00
clomp	1.48
clone	3.68
clonk	1.38
clons	0.00
cloot	0.00
clops	1.34
close	5.36
cloth	4.03
clots	2.97
cloud	4.46
clour	0.00
clout	3.23
clove	2.91
clown	3.93
cloys	0.00
cloze	1.55
clubs	4.51
cluck	2.32
clued	2.40
clues	3.82
clump	2.94
clung	2.98
clunk	2.23
coach	4.96
coact	0.00
coala	0.00
coals	2.98
coaly	0.00
coapt	0.00
coast	4.87
coati	1.58
coats	3.74
cobbs	2.18
cobby	1.99
cobia	1.64
coble	2.00
cobra	3.51
cocas	0.00
cocci	1.77
cocks	3.46
cocky	3.39
cocoa	3.64
cocos	2.58
codas	1.50
codec	2.67
coded	3.58
coden	1.39
coder	2.69
codes	4.18
codex	3.18
codon	2.45
coeds	1.96
coffs	2.29
cogon	1.09
cohog	0.00
cohos	0.00
coifs	1.27
coign	0.00
coils	3.36
coins	4.26
coirs	0.00
coked	2.30
cokes	2.48
colas	2.47
colds	2.97
coled	0.00
coles	3.15
colic	2.65
colin	4.09
colly	1.79
colog	0.00
colon	3.60
color	4.91
colts	3.61
colza	1.07
comae	0.00
comal	1.90
comas	2.35
combe	2.46
combo	3.80
combs	3.17
comer	2.86
comes	5.36
comet	3.64
comfy	3.63
comic	4.42
comix	2.08
comma	3.27
commy	1.31
compo	2.33
comps	2.75
compt	1.08
comte	2.91
conch	2.79
condo	3.63
coned	1.79
cones	3.39
coney	3.06
conga	2.67
conge	0.00
congo	3.75
conic	2.42
conin	0.00
conks	1.46
conky	1.50
conns	1.15
conte	3.18
conto	1.61
conus	2.33
cooch	2.35
cooed	2.03
cooee	1.75
cooer	0.00
cooey	1.10
coofs	0.00
cooks	3.65
cooky	1.93
cools	3.05
cooly	1.96
coomb	1.09
coons	2.52
coops	2.46
coopt	1.48
coots	2.40
copal	1.76
coped	2.63
copen	1.45
coper	1.39
copes	2.46
copra	2.15
copse	2.34
coral	3.86
corby	2.75
cords	3.35
cored	2.29
corer	1.58
cores	3.52
corgi	2.83
coria	1.44
corks	2.57
corky	2.58
corms	1.83
corns	2.45
cornu	1.95
corny	3.23
corps	4.27
corse	2.39
cosec	0.00
coses	0.00
coset	1.50
cosey	1.56
cosie	0.00
costa	4.15
costs	4.96
cotan	0.00
coted	0.00
cotes	2.15
cotta	2.85
couch	4.17
coude	0.00
cough	3.95
could	6.06
count	4.83
coupe	3.34
coups	2.87
court	5.41
couth	1.46
coved	1.69
coven	3.00
cover	5.08
coves	2.49
covet	2.82
covey	2.61
covin	1.10
cowed	2.40
cower	2.55
cowls	1.82
cowry	1.44
coxae	1.41
coxal	1.12
coxed	1.58
coxes	1.50
coyed	0.00
coyer	1.10
coyly	2.08
coypu	1.09
cozen	1.52
cozes	0.00
cozey	0.00
cozie	0.00
craal	0.00
crabs	3.40
crack	4.41
craft	4.30
crags	2.52
crake	1.96
cramp	3.04
crams	1.84
crane	3.92
crank	3.61
crape	1.83
craps	2.80
crash	4.55
crass	2.96
crate	3.47
crave	3.47
crawl	3.77
craws	1.18
craze	3.35
crazy	5.07
creak	2.52
cream	4.62
credo	2.77
creed	3.70
creek	4.37
creel	2.39
creep	3.84
creme	3.12
crepe	2.87
crept	3.15
crepy	0.00
cress	2.49
crest	3.65
crews	3.89
cribs	2.71
crick	2.80
cried	4.19
crier	2.42
cries	3.93
crime	4.89
crimp	2.61
cripe	1.21
crisp	3.70
croak	2.40
croci	1.20
crock	3.03
crocs	2.87
croft	3.17
crone	2.60
crony	2.73
crook	3.41
croon	2.20
crops	4.05
crore	3.37
cross	5.00
croup	2.23
crowd	4.70
crown	4.56
crows	3.47
croze	1.19
cruck	1.19
crude	4.00
cruds	0.00
cruel	4.12
cruet	1.71
crumb	2.97
crump	2.75
cruor	0.00
crura	1.16
cruse	2.18
crush	4.17
crust	3.70
crwth	0.00
crypt	3.10
cubby	2.55
cubeb	1.10
cubed	2.53
cuber	1.43
cubes	3.43
cubic	3.71
cubit	2.07
cuddy	2.53
cuffs	3.24
cuifs	0.00
cuing	1.67
cuish	0.00
cukes	1.40
culch	0.00
culet	1.07
culex	2.09
culls	2.20
cully	2.07
culms	1.66
culpa	2.53
culti	1.26
cults	3.15
cumin	3.01
cunts	3.33
cupel	0.00
cupid	3.20
cuppa	2.70
cuppy	1.72
curbs	2.78
curch	0.00
curds	2.48
curdy	1.06
cured	3.74
curer	1.12
cures	3.34
curet	1.11
curfs	0.00
curia	2.56
curie	2.88
curio	2.43
curls	3.42
curly	3.60
curns	0.00
currs	0.00
curry	3.96
curse	4.07
curst	1.40
curve	4.14
curvy	3.15
cusec	0.00
cushy	2.66
cusks	0.00
cusps	2.20
cusso	0.00
cutch	2.14
cuter	2.93
cutes	1.43
cutey	1.66
cutie	3.32
cutin	0.00
cutis	1.65
cutty	2.41
cutup	1.21
cyano	1.77
cyans	0.00
cycad	1.54
cycas	1.40
cycle	4.60
cyclo	2.21
cyder	1.38
cylix	0.00
cymae	0.00
cymar	0.00
cymas	0.00
cymes	1.53
cymol	0.00
cynic	2.81
cysts	2.91
cyton	0.00
czars	2.10
daces	0.00
dacha	2.15
dadas	1.07
daddy	4.36
dados	1.53
daffs	1.43
daffy	2.67
dagga	1.67
dagos	1.06
dahls	1.03
daily	5.07
dairy	4.09
daisy	3.78
dales	2.82
dally	2.78
daman	2.15
damar	1.98
dames	2.97
damns	2.00
damps	1.71
dance	4.93
dandy	3.25
dangs	1.17
danio	1.38
darbs	0.00
dared	3.52
darer	0.00
dares	3.22
daric	1.39
darks	2.06
darky	1.73
darns	1.03
darts	3.41
dashi	2.04
dashy	1.21
dated	4.29
dater	1.98
dates	4.54
datos	1.67
datto	1.68
datum	2.52
daube	1.58
daubs	1.55
dauby	0.00
daunt	2.04
dauts	0.00
daven	1.61
davit	1.89
dawed	0.00
dawen	0.00
dawks	0.00
dawns	2.64
dawts	0.00
dazed	3.13
dazes	0.00
deads	2.03
deair	0.00
deals	4.59
dealt	4.20
deans	3.06
dears	2.44
deary	2.14
deash	0.00
death	5.40
deave	0.00
debar	1.96
debit	3.62
debts	3.99
debug	2.86
debut	4.52
debye	2.01
decaf	2.63
decal	3.01
decay	3.83
decks	3.61
decor	3.65
decos	1.07
decoy	3.04
decry	2.60
dedal	0.00
deeds	3.79
deedy	1.35
deems	3.10
deeps	2.15
deers	2.16
deets	2.39
defat	0.00
defer	3.20
defis	0.00
defog	1.03
degas	2.69
degum	0.00
deice	0.00
deify	1.82
deign	2.26
deils	0.00
deism	2.24
deist	2.12
deity	3.55
deked	1.01
dekes	1.09
dekko	1.09
delay	4.40
deled	0.00
deles	1.39
delfs	0.00
delft	2.72
delis	2.11
dells	2.37
delly	2.07
delta	4.12
delve	3.14
demes	1.28
demit	1.15
demob	1.46
demon	4.06
demos	3.40
demur	1.78
denes	1.64
denim	3.52
dense	3.98
dents	2.83
deoxy	2.01
depot	3.95
depth	4.55
derat	0.00
deray	1.74
derby	4.10
derma	2.08
derms	0.00
derry	3.19
desex	0.00
desks	3.39
deter	3.48
detox	3.29
deuce	2.94
devas	2.22
devel	2.65
devil	4.30
devon	3.84
dewan	2.50
dewar	2.71
dewax	0.00
dewed	0.00
dexes	0.00
dexie	0.00
dhaks	0.00
dhals	0.00
dhobi	1.67
dhole	1.58
dhoti	2.00
dhows	1.70
dhuti	0.00
dials	3.00
diary	4.09
diazo	1.71
diced	3.04
dicer	1.80
dices	2.02
dicey	2.67
dicks	3.63
dicky	2.73
dicot	1.41
dicta	2.06
dicty	0.00
didie	0.00
didos	0.00
didst	2.44
diene	2.09
diets	3.66
dight	1.47
digit	3.77
diked	1.08
diker	1.10
dikes	2.55
dikey	0.00
dildo	3.40
dills	1.55
dilly	2.64
dimer	2.55
dimes	2.93
dimly	2.79
dinar	2.58
dined	2.98
diner	3.48
dines	2.42
dinge	1.63
dingo	2.75
dings	2.64
dingy	2.82
dinks	2.08
dinky	2.63
dints	0.00
diode	3.06
diols	1.62
dippy	2.23
dipso	0.00
direr	1.05
dirge	2.38
dirks	2.17
dirls	0.00
dirts	1.28
dirty	4.55
disci	1.08
disco	3.78
discs	3.60
dishy	1.78
disks	3.39
disme	0.00
ditas	0.00
ditch	3.90
dites	1.59
ditsy	1.81
ditto	3.38
ditty	2.58
ditzy	2.24
divan	2.53
divas	3.05
dived	2.97
diver	3.41
dives	3.30
divot	2.12
divvy	2.22
diwan	2.29
dixit	2.53
dizen	0.00
dizzy	3.43
djinn	2.47
djins	0.00
doats	1.19
dobby	2.63
dobie	2.30
dobla	0.00
dobra	1.39
docks	3.56
dodge	3.93
dodgy	3.32
dodos	1.80
doers	2.62
doest	2.08
doeth	2.02
doffs	1.33
doges	1.93
dogey	0.00
doggo	2.89
doggy	3.33
dogie	1.12
dogma	3.27
doily	2.11
doing	5.60
doits	0.00
dojos	1.79
dolce	3.07
dolci	1.64
doled	2.27
doles	2.10
dolls	3.81
dolly	3.54
dolma	1.55
dolor	2.25
dolts	1.89
domal	0.00
domed	2.85
domes	3.00
domic	0.00
donas	1.42
donee	1.95
donga	1.81
dongs	2.31
donna	3.84
donne	2.75
donor	3.92
donsy	0.00
donut	3.31
dooly	1.59
dooms	2.16
doomy	1.71
doors	4.54
doozy	2.48
dopas	0.00
doped	2.94
doper	1.85
dopes	2.10
dopey	2.68
dorks	2.59
dorky	2.72
dorms	2.99
dormy	1.21
dorps	0.00
dorrs	0.00
dorsa	1.61
dorty	0.00
dosed	2.62
doser	1.21
doses	3.78
dotal	0.00
doted	2.17
doter	0.00
dotes	2.03
dotty	2.50
doubt	4.90
douce	2.16
dough	3.86
douma	2.24
doums	0.00
doura	1.25
douse	2.59
doven	0.00
doves	3.10
dowdy	2.41
dowed	0.00
dowel	2.38
dower	2.42
dowie	2.06
downs	3.93
downy	2.60
dowry	3.13
dowse	1.88
doxie	1.67
doyen	2.25
doyly	0.00
dozed	2.53
dozen	4.35
dozer	2.38
dozes	1.67
drabs	1.76
draff	0.00
draft	4.61
drags	3.24
drail	0.00
drain	4.07
drake	3.96
drama	4.67
drams	2.07
drank	3.95
drape	2.74
drats	1.30
drave	1.11
drawl	2.48
drawn	4.53
draws	4.10
drays	1.47
dread	3.64
dream	4.91
drear	1.47
dreck	1.90
dreed	0.00
drees	1.66
dregs	2.62
dreks	0.00
dress	4.76
drest	1.31
dribs	1.54
dried	4.04
drier	3.19
dries	3.20
drift	3.82
drill	4.09
drily	1.97
drink	4.90
drips	2.85
dript	0.00
drive	5.13
droit	2.50
droll	2.58
drone	4.00
drool	3.04
droop	2.51
drops	4.33
dropt	1.27
dross	2.37
drouk	0.00
drove	4.36
drown	3.68
drubs	0.00
drugs	4.77
druid	2.99
drums	3.93
drunk	4.61
drupe	1.69
druse	1.83
dryad	2.12
dryer	3.54
dryly	2.33
duads	0.00
duals	2.20
ducal	2.39
ducat	1.96
duces	1.77
duchy	3.00
ducks	3.90
ducky	2.68
ducts	3.11
duddy	2.20
duded	0.00
dudes	3.95
duels	2.87
duets	2.79
duffs	1.64
duits	0.00
duked	1.44
dukes	3.23
dulia	1.04
dulls	2.12
dully	1.87
dulse	1.45
dumas	2.89
dumbs	1.79
dumka	1.57
dumky	0.00
dummy	3.64
dumps	3.35
dumpy	2.32
dunam	1.07
dunce	2.50
dunch	1.02
dunes	3.37
dungs	1.06
dungy	2.11
dunks	2.80
dunts	0.00
duomi	0.00
duomo	2.44
duped	3.08
duper	2.88
dupes	2.48
duple	1.69
dural	2.14
duras	2.17
dured	0.00
dures	1.04
durns	0.00
duroc	1.76
duros	1.36
durra	1.18
durrs	0.00
durst	2.70
durum	2.08
dusks	1.05
dusky	2.83
dusts	2.28
dusty	3.67
dutch	4.41
duvet	2.99
dwarf	3.75
dweeb	2.37
dwell	3.57
dwelt	2.65
dwine	0.00
dyads	1.80
dyers	2.05
dying	4.63
dyked	0.00
dykes	2.89
dykey	0.00
dynel	0.00
dynes	1.67
eager	4.03
eagle	4.13
eagre	0.00
eared	2.84
earls	2.87
early	5.43
earns	3.56
earth	5.06
eased	3.25
easel	2.68
eases	2.93
easts	2.09
eaten	4.13
eater	3.42
eaved	0.00
eaves	2.85
ebbed	2.23
ebbet	0.00
ebons	0.00
ebony	3.34
eched	0.00
eches	0.00
echos	2.39
eclat	1.67
ecrus	0.00
edema	2.95
edged	3.55
edger	1.91
edges	4.09
edict	3.10
edify	1.96
edile	0.00
edits	3.44
educe	1.01
educt	0.00
eerie	3.33
egads	1.56
egers	0.00
egest	0.00
eggar	1.55
egged	2.49
egger	2.04
egret	2.32
eider	2.11
eidos	1.95
eight	5.02
eikon	1.80
eject	2.99
eking	1.94
elain	1.30
eland	2.15
elans	0.00
elate	1.33
elbow	3.84
elder	4.06
elect	4.03
elegy	2.71
elemi	1.06
elfin	2.26
elide	1.75
elint	1.35
elite	4.40
eloin	0.00
elope	2.50
elude	2.78
elute	1.45
elver	1.38
elves	3.40
embar	1.43
embay	0.00
embed	2.94
ember	2.97
embow	0.00
emcee	2.73
emeer	0.00
emend	1.79
emery	3.30
emeus	0.00
emirs	1.93
emits	3.02
emmer	2.00
emmet	2.87
emote	2.46
empty	4.59
emyde	0.00
emyds	0.00
enact	3.43
enate	0.00
ended	4.92
ender	2.78
endow	2.43
endue	1.10
enema	2.85
enemy	4.70
enjoy	5.09
ennui	2.41
enoki	1.68
enols	0.00
enorm	0.00
enows	0.00
enrol	2.67
ensky	0.00
ensue	2.91
enter	4.81
entia	1.05
entry	4.67
enure	1.03
envoi	1.48
envoy	3.48
enzym	0.00
eosin	1.86
epact	1.37
epees	0.00
ephah	1.44
ephas	0.00
ephod	1.59
ephor	0.00
epics	2.91
epoch	3.19
epode	1.18
epoxy	3.10
equal	4.65
equid	1.21
equip	3.50
erase	3.66
erect	3.52
ergot	2.09
erica	3.56
ernes	0.00
erode	3.03
erose	0.00
erred	2.81
error	4.55
erses	0.00
eruct	0.00
erugo	0.00
erupt	2.97
ervil	0.00
escar	0.00
escot	0.00
eskar	0.00
esker	1.73
essay	4.23
esses	1.92
ester	3.06
estop	1.25
etape	1.31
ether	3.40
ethic	3.54
ethos	3.32
ethyl	2.93
etnas	0.00
etude	2.57
etuis	0.00
etwee	0.00
etyma	0.00
euros	3.78
evade	3.39
evens	2.71
event	5.18
evert	2.54
every	5.79
evict	2.97
evils	3.35
evite	1.55
evoke	3.27
ewers	1.98
exact	4.51
exalt	2.60
exams	4.00
excel	3.73
execs	3.01
exert	3.36
exile	3.84
exine	0.00
exist	4.73
exits	3.53
exons	2.24
expat	3.01
expel	3.26
expos	2.62
extol	2.30
extra	4.98
exude	2.52
exult	1.80
exurb	1.13
eyers	1.29
eying	2.14
eyras	0.00
eyres	1.61
eyrie	2.25
eyrir	0.00
fable	3.16
faced	4.49
facer	1.66
faces	4.59
facet	3.18
facia	1.74
facts	4.72
faddy	1.39
faded	3.73
fader	2.58
fades	3.41
fadge	0.00
fados	0.00
faena	1.46
faery	2.03
faggy	1.94
fagin	2.29
fagot	1.98
fails	4.26
faint	3.78
fairs	3.39
fairy	4.08
faith	4.82
faked	3.35
faker	2.81
fakes	3.23
fakey	1.43
fakir	2.17
falls	4.63
false	4.63
famed	3.60
fames	1.69
fancy	4.35
fanes	1.26
fanga	0.00
fangs	3.02
fanny	3.47
fanon	2.36
fanos	0.00
fanum	0.00
faqir	1.40
farad	1.70
farce	3.33
farci	0.00
farcy	1.09
fards	0.00
fared	3.08
farer	1.21
fares	3.61
farle	0.00
farls	0.00
farms	4.14
faros	1.32
farts	3.19
fasts	2.53
fatal	4.10
fated	3.19
fates	3.18
fatly	0.00
fatso	2.14
fatty	3.80
fatwa	2.70
faugh	1.20
fauld	0.00
fault	4.64
fauna	3.52
fauns	1.66
fauve	1.58
favas	0.00
faves	2.86
favor	4.58
favus	0.00
fawns	2.18
fawny	0.00
faxed	2.47
faxes	2.45
fayed	2.25
fazed	2.26
fazes	1.58
fears	4.17
fease	0.00
feast	3.95
feats	3.23
feaze	0.00
fecal	3.01
feces	3.22
fecks	0.00
feeds	3.89
feels	4.90
feeze	0.00
feign	2.58
feint	2.52
feist	2.22
felid	1.34
fella	3.49
fells	2.62
felly	1.59
felon	3.17
felts	2.08
femes	0.00
femme	3.19
femur	3.00
fence	4.21
fends	2.00
fenny	1.73
feods	0.00
feoff	0.00
feral	3.29
feres	1.41
feria	2.20
ferly	0.00
fermi	2.83
ferns	3.12
ferny	1.87
ferry	4.02
fesse	1.27
fetal	3.40
fetas	0.00
fetch	3.65
feted	2.20
fetes	2.08
fetid	2.29
fetor	0.00
fetus	3.60
feuar	0.00
feuds	2.89
feued	0.00
fever	4.22
fewer	4.31
feyer	1.17
feyly	0.00
fezes	0.00
fiars	0.00
fiats	1.71
fiber	4.06
fibre	3.67
fices	0.00
fiche	1.71
fichu	0.00
ficin	0.00
ficus	2.42
fidge	0.00
fidos	0.00
fiefs	2.19
field	5.24
fiend	3.10
fiery	3.57
fifed	0.00
fifer	1.99
fifes	1.63
fifth	4.78
fifty	4.29
fight	5.23
filar	1.19
filch	1.97
filed	4.49
filer	2.45
files	4.46
filet	2.80
fille	2.37
fillo	1.03
fills	3.71
filly	3.15
films	4.64
filmy	2.13
filos	1.11
filth	3.41
filum	1.22
final	5.28
finch	3.55
finds	4.61
fined	3.70
finer	3.40
fines	3.78
finis	2.28
finks	2.00
finny	1.97
finos	1.18
fiord	1.87
fique	0.00
fired	4.63
firer	1.56
fires	4.17
firms	4.38
firns	0.00
firry	0.00
first	6.11
firth	3.18
fiscs	0.00
fishy	3.28
fists	3.43
fitch	3.26
fitly	1.46
fiver	2.71
fives	3.11
fixed	4.70
fixer	3.04
fixes	3.59
fixit	1.98
fizzy	2.82
fjeld	1.11
fjord	2.81
flabs	0.00
flack	2.95
flags	4.09
flail	2.55
flair	3.54
flake	3.21
flaky	2.87
flame	4.07
flams	1.14
flamy	0.00
flank	3.64
flans	1.52
flaps	3.20
flare	3.64
flash	4.45
flask	3.20
flats	3.77
flaws	3.85
flawy	0.00
flaxy	0.00
flays	1.66
fleam	0.00
fleas	3.11
fleck	2.57
fleer	1.90
flees	2.88
fleet	4.33
flesh	4.20
flews	0.00
fleys	0.00
flick	3.63
flics	1.39
flied	2.00
flier	2.92
flies	4.09
fling	3.33
flint	3.77
flips	3.29
flirt	3.52
flite	1.83
flits	2.01
float	3.94
flock	3.69
flocs	1.26
floes	2.17
flogs	1.61
flong	0.00
flood	4.34
floor	4.94
flops	3.30
flora	3.70
floss	3.18
flota	1.38
flour	4.00
flout	2.25
flown	3.83
flows	4.14
flubs	1.81
flued	0.00
flues	1.88
fluff	3.20
fluid	4.22
fluke	3.14
fluky	1.60
flume	2.81
flump	1.11
flung	3.33
flunk	2.17
fluor	2.19
flush	3.80
flute	3.52
fluty	0.00
fluyt	0.00
flyby	2.49
flyer	3.58
flyte	1.78
foals	2.63
foams	2.76
foamy	2.41
focal	3.67
focus	5.00
foehn	1.48
fogey	1.66
foggy	3.19
fogie	0.00
fohns	0.00
foils	2.81
foins	0.00
foist	2.14
folds	3.43
folia	1.86
folio	3.11
folks	4.59
folky	1.95
folly	3.34
fonds	2.20
fondu	1.29
fonts	3.24
foods	4.41
fools	3.88
foots	2.21
footy	3.15
foram	1.38
foray	3.04
forbs	1.77
forby	1.16
force	5.23
fordo	1.25
fords	2.74
fores	1.69
forge	3.78
forgo	2.99
forks	3.45
forky	1.28
forme	2.44
forms	4.73
forte	3.24
forth	4.40
forts	3.23
forty	4.20
forum	4.38
fossa	2.57
fosse	2.43
fouls	3.15
found	5.68
fount	2.28
fours	3.24
fovea	2.02
fowls	2.18
foxed	1.82
foxes	3.42
foyer	3.09
frags	1.92
frail	3.28
frame	4.58
franc	3.11
frank	4.75
fraps	1.77
frass	1.75
frats	1.91
fraud	4.37
frays	1.70
freak	4.08
freed	3.85
freer	2.99
frees	3.18
fremd	1.31
frena	1.05
frere	2.44
fresh	4.83
frets	2.65
friar	3.04
fried	4.06
frier	1.76
fries	3.81
frigs	0.00
frill	2.31
frise	1.95
frisk	2.92
frith	2.60
frits	1.99
fritt	0.00
fritz	3.42
frizz	2.40
frock	2.88
froes	0.00
frogs	3.56
frond	2.23
frons	1.79
front	5.28
frore	0.00
frosh	2.29
frost	3.95
froth	2.75
frown	3.26
frows	0.00
froze	3.42
frugs	0.00
fruit	4.57
frump	1.72
fryer	2.99
fubsy	0.00
fucks	3.90
fucus	1.57
fudge	3.33
fuels	3.82
fugal	1.66
fuggy	0.00
fugio	0.00
fugle	0.00
fugue	2.73
fugus	0.00
fujis	0.00
fulls	1.81
fully	4.89
fumed	2.25
fumer	0.00
fumes	3.34
fumet	0.00
fundi	1.60
funds	4.74
fungi	3.48
fungo	1.31
funks	1.59
funky	3.63
funny	5.02
furan	1.76
furls	0.00
furor	2.52
furry	3.56
furze	2.00
furzy	0.00
fused	3.40
fusee	1.48
fusel	1.33
fuses	3.07
fusil	1.56
fussy	3.04
fusty	1.66
futon	2.56
fuzed	1.13
fuzee	0.00
fuzes	1.75
fuzil	0.00
fuzzy	3.65
fyces	0.00
fykes	0.00
fytte	0.00
gabby	3.16
gable	3.08
gaddi	1.56
gadid	0.00
gadis	1.50
gaffe	2.66
gaffs	1.71
gaged	1.35
gager	1.26
gages	2.06
gaily	2.20
gains	4.25
gaits	1.88
galah	1.56
galas	2.26
galax	1.90
galea	2.03
gales	2.81
galls	2.34
gally	2.19
galop	1.46
gamas	0.00
gamay	1.77
gamba	2.28
gambe	0.00
gambs	0.00
gamed	2.25
gamer	3.62
games	5.44
gamey	2.09
gamic	0.00
gamin	1.70
gamma	3.70
gammy	2.14
gamps	0.00
gamut	2.87
ganef	0.00
ganev	1.21
gangs	3.73
ganja	2.72
ganof	0.00
gaols	1.60
gaped	2.03
gaper	1.21
gapes	2.08
gappy	1.62
garbs	1.50
garni	1.90
garth	3.31
gases	3.73
gasps	2.92
gassy	2.38
gasts	0.00
gated	3.23
gates	4.30
gator	3.19
gauds	0.00
gaudy	2.83
gauge	4.02
gault	2.46
gaums	0.00
gaunt	2.90
gaurs	0.00
gauss	2.83
gauze	2.89
gauzy	2.16
gavel	2.66
gavot	0.00
gawks	1.04
gawky	1.91
gawps	0.00
gawsy	0.00
gayal	0.00
gayer	2.37
gayly	1.17
gazar	0.00
gazed	2.83
gazer	1.96
gazes	2.61
gears	3.67
gecko	2.91
gecks	0.00
geeks	3.27
geeky	2.94
geese	3.35
geest	1.56
gelds	0.00
gelee	1.22
gelid	1.31
gelts	0.00
gemma	3.33
gemmy	1.27
gemot	0.00
genes	4.14
genet	2.42
genic	1.62
genie	3.41
genii	2.24
genip	0.00
genoa	3.18
genom	1.50
genre	4.17
genro	1.23
gents	3.15
genua	1.32
genus	3.73
geode	2.06
geoid	1.78
gerah	0.00
germs	3.39
germy	1.63
gesso	1.98
geste	2.05
gests	0.00
getas	0.00
getup	2.50
geums	0.00
ghast	1.52
ghats	2.42
ghaut	1.35
ghazi	2.69
ghees	0.00
ghost	4.42
ghoul	2.89
ghyll	1.32
giant	4.62
gibed	0.00
giber	0.00
gibes	1.56
giddy	3.22
gifts	4.38
gigas	2.12
gighe	0.00
gigot	1.41
gigue	1.39
gilds	1.58
gills	3.06
gilly	2.61
gilts	2.31
gimel	1.33
gimme	3.57
gimps	1.77
gimpy	1.89
ginks	0.00
ginny	2.98
gipon	0.00
gipsy	2.65
girds	1.44
girls	5.17
girly	3.23
girns	0.00
giron	1.94
giros	1.19
girsh	0.00
girth	2.92
girts	1.09
gismo	1.29
gists	1.83
given	5.41
giver	3.20
gives	5.03
gizmo	2.61
glace	2.27
glade	2.78
glads	1.52
glady	1.62
glair	0.00
gland	3.38
glans	2.42
glare	3.36
glary	1.10
glass	4.85
glaze	3.28
glazy	0.00
gleam	2.97
glean	2.73
gleba	1.26
glebe	2.63
glede	0.00
gleds	0.00
gleed	1.26
gleek	1.47
glees	1.62
gleet	0.00
glens	2.66
gleys	0.00
glial	2.46
glias	0.00
glide	3.33
gliff	0.00
glime	0.00
glims	0.00
glint	2.65
glitz	2.66
gloam	0.00
gloat	2.62
globe	4.28
globs	1.91
glogg	0.00
gloms	0.00
gloom	3.31
glops	0.00
glory	4.36
gloss	3.47
glost	0.00
glout	0.00
glove	3.73
glows	2.93
gloze	0.00
glued	3.41
gluer	1.12
glues	2.42
gluey	1.68
glugs	1.15
glume	1.39
gluon	2.16
gluts	1.63
glyph	2.70
gnarl	1.23
gnarr	1.14
gnars	0.00
gnash	2.03
gnats	2.46
gnawn	0.00
gnaws	1.95
gnome	3.20
goads	1.91
goals	4.95
goats	3.72
goban	0.00
gobos	1.24
godet	1.52
godly	3.26
goers	3.09
gofer	1.69
gogos	1.30
going	5.94
golds	3.13
golem	2.79
golfs	1.97
golly	2.71
gombo	1.06
gonad	1.88
gonef	0.00
goner	2.45
gongs	2.45
gonia	0.00
gonif	0.00
gonof	0.00
gonzo	2.80
goods	4.60
goody	3.04
gooey	2.86
goofs	2.19
goofy	3.57
gooks	1.66
gooky	0.00
goons	3.21
goony	1.41
goops	0.00
goopy	1.88
goose	3.84
goosy	1.01
goral	1.42
gored	2.23
gores	2.10
gorge	3.40
gorps	0.00
gorse	2.35
gorsy	0.00
gouge	2.71
gourd	2.82
gouts	1.29
gouty	1.77
gowan	2.24
gowds	0.00
gowks	0.00
gowns	3.25
goxes	0.00
goyim	2.07
graal	1.82
grabs	3.73
grace	4.56
grade	4.80
grads	2.93
graft	3.47
grail	3.46
grain	4.18
grama	2.24
gramp	1.41
grams	3.82
grana	1.99
grand	4.91
grans	1.68
grant	4.67
grape	3.70
graph	4.05
grapy	0.00
grasp	3.97
grass	4.38
grate	3.17
grave	4.31
gravy	3.48
grays	2.83
graze	3.02
great	5.88
grebe	2.21
greed	3.73
greek	4.50
green	5.13
grees	1.08
greet	3.73
grego	1.55
greys	2.85
gride	0.00
grids	3.13
grief	4.08
griff	2.67
grift	2.28
grigs	0.00
grill	3.84
grime	3.09
grimy	2.76
grind	3.94
grins	2.82
griot	1.75
gripe	2.81
grips	3.47
gript	0.00
gripy	0.00
grist	2.68
grith	0.00
grits	2.93
groan	3.12
groat	2.11
grogs	1.14
groin	3.26
groom	3.63
grope	2.68
gross	4.45
grosz	2.07
grots	1.21
group	5.57
grout	2.83
grove	3.94
growl	3.14
grown	4.67
grows	4.18
grubs	2.48
gruel	2.44
grues	0.00
gruff	2.81
grume	0.00
grump	2.29
grunt	3.15
guaco	0.00
guano	2.61
guans	0.00
guard	4.73
guars	0.00
guava	2.61
gucks	0.00
gudes	0.00
guess	5.17
guest	4.58
guffs	0.00
guide	4.75
guids	1.18
guild	3.93
guile	2.75
guilt	4.13
guiro	0.00
guise	3.47
gulag	2.85
gular	1.73
gulch	2.78
gules	2.21
gulfs	1.98
gulfy	0.00
gulls	3.00
gully	3.11
gulps	2.34
gulpy	0.00
gumbo	2.70
gumma	1.34
gummy	2.97
gunks	0.00
gunky	1.42
gunny	2.30
guppy	2.49
gurge	0.00
gurry	1.47
gursh	0.00
gurus	2.99
gushy	1.96
gussy	1.72
gusto	3.00
gusts	3.15
gusty	2.59
gutsy	2.73
gutta	2.37
gutty	1.43
guyed	1.52
guyot	2.05
gybed	0.00
gybes	0.00
gypsy	3.55
gyral	0.00
gyred	0.00
gyres	1.77
gyron	0.00
gyros	2.29
gyrus	2.54
gyved	0.00
gyves	0.00
haafs	0.00
haars	0.00
habit	4.24
habus	0.00
hacek	0.00
hacks	3.45
hadal	1.23
haded	0.00
hades	3.20
hadji	2.23
hadst	1.84
haems	0.00
haets	0.00
hafis	0.00
hafiz	2.73
hafts	1.02
hahas	0.00
haika	0.00
haiks	0.00
haiku	3.08
hails	3.13
hairs	3.77
hairy	3.80
hajes	0.00
hajis	1.21
hajji	2.16
hakes	1.20
hakim	2.84
haled	1.32
haler	1.20
hales	2.89
halid	0.00
hallo	2.75
halls	3.85
halma	1.29
halms	0.00
halos	2.65
halts	2.86
halva	1.56
halve	2.60
hamal	1.51
hames	2.06
hammy	2.55
hamza	2.89
hance	2.04
hands	5.16
handy	3.97
hangs	3.70
hanks	3.22
hanky	2.37
hansa	2.23
hanse	2.08
hants	2.41
haole	1.84
hapax	1.29
haply	1.84
happy	5.35
hards	2.26
hardy	3.86
hared	1.26
harem	3.13
hares	2.79
harks	2.07
harls	0.00
harms	3.29
harps	2.58
harpy	2.50
harry	4.72
harsh	4.14
harts	2.27
hasps	0.00
haste	3.37
hasty	3.29
hatch	3.82
hated	4.20
hater	3.14
hates	4.15
haugh	2.13
haulm	0.00
hauls	2.84
haunt	3.54
haute	3.20
haven	4.13
haver	2.21
haves	2.95
havoc	3.50
hawed	1.51
hawks	3.89
hawse	1.36
hayed	0.00
hayer	1.30
hazan	1.96
hazed	2.06
hazel	3.54
hazer	1.13
hazes	1.54
heads	4.67
heady	2.93
heals	3.32
heaps	3.31
heard	5.27
hears	3.78
heart	5.31
heath	3.76
heats	3.41
heave	2.90
heavy	4.96
hebes	1.38
hecks	1.47
heder	1.59
hedge	3.74
hedgy	0.00
heeds	1.96
heels	4.06
heeze	1.02
hefts	0.00
hefty	3.36
heigh	2.03
heils	0.00
heirs	3.51
heist	3.39
helio	2.35
helix	3.26
hello	4.72
hells	3.07
helms	2.89
helos	1.78
helot	1.30
helps	4.74
helve	1.18
hemal	1.16
hemes	1.06
hemic	0.00
hemin	1.38
hemps	0.00
hempy	0.00
hence	4.38
henna	2.84
henry	4.74
hents	0.00
herbs	3.65
herby	2.11
herds	3.21
heres	3.18
herls	0.00
herma	1.48
herms	1.65
herns	0.00
heron	3.09
heros	2.83
herry	1.72
hertz	3.06
hests	0.00
heths	0.00
heuch	0.00
heugh	1.19
hewed	1.90
hewer	1.91
hexad	0.00
hexed	1.87
hexer	1.31
hexes	2.17
hexyl	1.45
hicks	3.57
hided	1.32
hider	2.10
hides	3.69
highs	3.59
hight	2.50
hiked	2.95
hiker	2.78
hikes	3.34
hilar	1.91
hillo	1.05
hills	4.46
hilly	3.17
hilts	2.05
hilum	1.66
hilus	0.00
hinds	2.84
hinge	3.32
hinny	1.43
hints	3.85
hippo	3.13
hippy	3.00
hired	4.41
hirer	1.90
hires	3.48
hissy	2.41
hists	0.00
hitch	3.42
hived	1.60
hives	3.12
hoagy	1.62
hoard	3.23
hoars	0.00
hoary	2.29
hobby	3.94
hobos	2.33
hocks	2.10
hocus	2.57
hodad	0.00
hoers	0.00
hogan	3.63
hoggs	1.47
hoick	1.15
hoise	1.03
hoist	3.12
hoked	0.00
hokes	1.17
hokey	2.62
hokku	1.03
hokum	2.03
holds	4.60
holed	3.04
holes	4.35
holey	2.13
holks	0.00
holla	2.56
hollo	1.70
holly	3.88
holms	1.53
holts	1.91
homed	2.22
homer	3.89
homes	4.69
homey	2.75
homos	2.29
honan	2.17
honda	3.92
honed	3.04
honer	1.43
hones	2.26
honey	4.37
hongs	1.20
honks	2.23
honky	2.79
honor	4.69
hooch	2.58
hoods	3.10
hoody	2.29
hooey	1.82
hoofs	2.19
hooka	1.31
hooks	3.65
hooky	2.24
hooly	1.38
hoops	3.45
hoots	2.45
hooty	1.46
hoped	4.28
hoper	1.51
hopes	4.40
hoppy	2.66
horah	0.00
horal	0.00
horas	2.06
horde	3.23
horns	3.80
horny	3.79
horse	4.76
horst	2.85
horsy	1.12
hosed	2.53
hosel	1.10
hosen	1.53
hoses	2.99
hosta	1.74
hosts	4.23
hotch	2.22
hotel	4.95
hotly	2.93
hound	3.43
houri	1.21
hours	5.40
house	5.71
hovel	2.31
hover	3.26
howdy	3.08
howes	2.72
howff	0.00
howfs	0.00
howks	0.00
howls	2.78
hoyas	2.04
hoyle	2.61
hubby	3.41
hucks	1.45
huffs	2.16
huffy	2.21
huger	1.99
hulas	1.04
hulks	2.36
hulky	0.00
hullo	2.05
hulls	2.89
human	5.35
humic	2.37
humid	3.50
humor	4.19
humph	2.18
humps	2.56
humpy	1.81
humus	2.38
hunch	3.07
hunks	2.54
hunky	2.72
hunts	3.35
hurds	0.00
hurls	2.38
hurly	1.99
hurry	4.14
hurst	3.10
hurts	4.30
husks	2.61
husky	3.29
hussy	2.17
hutch	3.04
huzza	0.00
hydra	3.31
hydro	3.63
hyena	2.80
hying	0.00
hylas	1.70
hymen	2.57
hymns	3.34
hyoid	2.25
hyped	3.54
hyper	3.69
hypes	2.09
hypha	1.24
hypos	1.54
hyrax	1.56
hyson	1.53
iambi	0.00
iambs	1.23
ichor	1.70
icier	1.15
icily	1.64
icing	3.49
icker	0.00
icons	3.74
ictic	0.00
ictus	1.47
ideal	4.44
ideas	4.84
idiom	2.97
idiot	4.39
idled	2.09
idler	2.30
idles	2.01
idols	3.49
idyll	2.44
idyls	0.00
igloo	2.64
iglus	0.00
ihram	1.50
ikats	0.00
ikons	1.31
ileac	0.00
ileal	1.64
ileum	1.96
ileus	1.60
iliac	2.36
iliad	2.91
ilial	0.00
ilium	2.23
iller	1.62
image	4.94
imago	2.33
imams	2.81
imaum	0.00
imbed	1.44
imbue	2.42
imide	1.36
imido	0.00
imids	0.00
imine	1.74
imino	1.26
immix	0.00
imped	0.00
impel	2.36
impis	1.18
imply	3.83
inane	2.70
inapt	1.58
inarm	0.00
inbye	0.00
incog	1.34
incur	3.30
incus	1.67
index	4.57
indie	4.00
indol	1.33
indow	0.00
indri	1.68
indue	1.03
inept	3.13
inert	3.09
infer	3.16
infix	1.76
infos	2.53
infra	2.90
ingle	2.40
ingot	2.38
inion	1.12
inked	3.08
inker	1.70
inkle	1.38
inlay	2.68
inlet	3.45
inned	0.00
inner	4.50
input	4.35
inset	2.85
inter	4.16
intis	0.00
intro	3.81
inure	1.90
inurn	0.00
invar	1.28
iodic	0.00
iodid	0.00
iodin	0.00
ionic	3.21
iotas	1.27
irade	0.00
irate	2.78
irids	0.00
iring	1.23
irked	2.75
iroko	1.55
irone	0.00
irons	3.32
irony	3.86
isbas	0.00
isled	0.00
isles	3.58
islet	2.76
issei	2.27
issue	5.23
istle	0.00
itchy	3.34
items	4.78
ither	1.59
ivied	0.00
ivies	1.86
ivory	3.85
ixias	0.00
ixora	1.18
ixtle	0.00
izars	0.00
jabot	1.32
jacal	0.00
jacks	3.41
jacky	2.82
jaded	2.97
jades	2.05
jager	2.51
jaggs	0.00
jaggy	1.34
jagra	0.00
jails	3.20
jakes	2.51
jalap	0.00
jalop	0.00
jambe	1.40
jambs	1.93
jammy	2.38
janes	2.55
janty	0.00
japan	4.89
japed	0.00
japer	0.00
japes	1.67
jarls	1.44
jatos	0.00
jauks	0.00
jaunt	2.60
jaups	0.00
javas	1.19
jawan	1.89
jawed	2.55
jazzy	3.00
jeans	4.09
jebel	2.34
jeeps	2.79
jeers	2.32
jefes	1.06
jehad	1.59
jehus	0.00
jells	1.12
jelly	3.77
jemmy	1.94
jenny	3.89
jerid	0.00
jerks	3.28
jerky	3.10
jerry	4.26
jesse	4.04
jests	1.87
jetes	0.00
jeton	1.06
jetty	3.04
jewed	1.06
jewel	3.68
jibbs	0.00
jibed	1.37
jiber	0.00
jibes	2.14
jiffs	0.00
jiffy	2.64
jihad	3.49
jills	1.66
jilts	1.06
jimmy	4.44
jimpy	0.00
jingo	1.98
jinks	2.42
jinni	1.66
jinns	1.80
jisms	0.00
jived	1.34
jiver	0.00
jives	1.68
jivey	0.00
jnana	1.81
jocko	2.11
jocks	2.77
joeys	1.99
johns	3.84
joins	4.04
joint	4.71
joist	2.25
joked	3.28
joker	3.74
jokes	4.33
jokey	2.43
joles	0.00
jolly	3.57
jolts	2.29
jolty	0.00
jones	4.73
joram	1.81
jorum	0.00
jotas	0.00
jotty	0.00
joual	0.00
jouks	0.00
joule	2.44
joust	2.47
jowar	1.55
jowed	0.00
jowls	2.09
jowly	1.46
joyed	1.58
jubas	0.00
jubes	0.00
judas	3.37
judge	4.95
judos	0.00
jugal	1.65
jugum	0.00
juice	4.36
juicy	3.70
jujus	1.13
juked	1.68
jukes	2.32
julep	2.21
jumbo	3.38
jumps	3.86
jumpy	2.67
junco	1.88
junks	2.19
junky	2.42
junta	3.34
junto	1.88
jupes	0.00
jupon	0.00
jural	1.11
jurat	1.60
jurel	0.00
juror	3.13
justs	1.61
jutes	1.62
jutty	0.00
kabab	1.75
kabar	1.55
kabob	1.88
kadis	1.16
kafir	2.28
kagus	0.00
kaiak	0.00
kaifs	0.00
kails	0.00
kains	1.03
kakas	1.15
kakis	0.00
kalam	2.48
kales	1.53
kalif	1.43
kalpa	1.92
kames	1.74
kamik	1.02
kanas	1.47
kanes	1.73
kanji	3.01
kaons	1.28
kapas	1.16
kaphs	0.00
kapok	1.72
kappa	3.46
kaput	2.13
karat	2.63
karma	3.88
karns	1.75
karoo	2.28
karst	2.52
karts	2.62
kasha	2.02
katas	1.61
kauri	1.94
kaury	0.00
kavas	0.00
kayak	3.24
kayos	0.00
kazoo	2.35
kbars	0.00
kebab	3.03
kebar	0.00
kebob	0.00
kecks	1.17
kedge	1.49
keefs	0.00
keeks	1.17
keels	2.30
keens	1.57
keeps	4.67
keets	0.00
keeve	0.00
kefir	2.13
keirs	0.00
kelep	0.00
kelim	0.00
kelly	4.44
kelps	1.13
kelpy	0.00
kemps	1.76
kempt	1.74
kenaf	1.31
kench	1.46
kendo	2.49
kenos	0.00
kepis	0.00
kerbs	1.99
kerfs	0.00
kerne	1.22
kerns	2.23
kerry	3.85
ketch	2.35
ketol	0.00
kevel	0.00
kevil	0.00
kexes	0.00
keyed	2.89
khadi	2.21
khafs	0.00
khaki	3.04
khans	2.60
khaph	0.00
khats	0.00
kheda	1.39
kheth	0.00
khets	0.00
khoum	0.00
kiang	1.99
kibbe	1.67
kibbi	0.00
kibei	0.00
kibes	0.00
kibla	0.00
kicks	4.07
kicky	1.63
kiddo	3.22
kiddy	2.45
kiefs	0.00
kiers	1.06
kikes	1.77
kilim	1.82
kills	4.34
kilns	2.71
kilos	3.25
kilts	2.42
kilty	1.72
kinas	0.00
kinds	4.51
kines	1.38
kings	4.41
kinin	1.02
kinks	3.18
kinky	3.37
kinos	1.16
kiosk	3.00
kirks	1.84
kirns	0.00
kissy	2.44
kists	0.00
kited	1.23
kiter	1.17
kites	2.96
kithe	0.00
kiths	0.00
kitty	3.98
kivas	1.56
kiwis	2.87
klong	1.83
kloof	1.81
kluge	2.04
klutz	2.12
knack	3.26
knaps	0.00
knars	0.00
knaur	0.00
knave	2.50
knead	2.57
kneed	2.44
kneel	3.24
knees	4.18
knell	2.59
knelt	2.80
knife	4.41
knish	1.63
knits	2.60
knobs	3.02
knock	4.35
knoll	2.90
knops	1.30
knosp	0.00
knots	3.63
knout	1.12
known	5.39
knows	5.07
knurl	1.21
knurs	0.00
koala	3.04
koans	1.62
koels	0.00
kohls	2.25
koine	1.90
kolas	1.10
kolos	1.21
konks	0.00
kooks	2.34
kooky	2.58
kopek	1.41
kophs	0.00
kopje	1.52
koppa	1.08
korai	1.07
korat	1.51
korun	0.00
kotos	0.00
kotow	0.00
kraal	1.93
kraft	3.38
krait	1.85
kraut	2.38
kreep	1.32
krill	2.63
krona	2.22
krone	2.43
kroon	1.84
krubi	0.00
kudos	3.45
kudus	1.59
kudzu	2.13
kugel	2.05
kukri	1.77
kulak	1.93
kumys	0.00
kurta	2.21
kurus	1.61
kusso	0.00
kvass	1.62
kyack	0.00
kyaks	0.00
kyars	0.00
kyats	1.49
kylix	1.29
kyrie	3.31
kytes	0.00
kythe	0.00
laari	0.00
label	4.43
labia	2.70
labor	4.77
labra	1.15
laced	3.29
lacer	1.12
laces	3.12
lacey	3.27
lacks	3.89
laded	0.00
laden	3.74
lader	1.54
lades	1.38
ladle	2.66
laevo	0.00
lagan	2.14
lager	3.16
lahar	1.58
laich	1.71
laics	0.00
laigh	1.43
laird	3.16
lairs	2.15
laith	1.96
laity	2.76
laked	0.00
laker	2.84
lakes	4.14
lakhs	3.08
lalls	0.00
lamas	2.51
lambs	3.23
lamby	1.45
lamed	1.70
lamer	2.17
lames	2.09
lamia	2.37
lamps	3.73
lanai	2.30
lance	3.94
lands	4.37
lanes	3.97
lanky	2.73
lapel	2.77
lapin	2.00
lapis	2.78
lapse	3.49
larch	2.55
lards	1.09
lardy	1.84
laree	1.19
lares	1.93
large	5.39
largo	2.99
laris	1.45
larks	2.44
larky	1.12
larum	1.05
larva	2.99
lased	0.00
laser	4.20
lases	0.00
lasso	2.74
lasts	3.90
latch	3.34
lated	1.62
laten	1.26
later	5.49
latex	3.40
lathe	2.91
lathi	1.82
laths	1.32
lathy	0.00
latke	1.44
latte	3.30
lauan	1.08
lauds	2.50
laugh	4.66
laura	4.24
lavas	2.26
laved	0.00
laver	2.56
laves	1.42
lawed	0.00
lawns	3.21
lawny	0.00
laxer	1.68
laxly	1.25
layed	2.46
layer	4.40
layup	2.93
lazar	2.80
lazed	1.32
lazes	1.02
leach	3.25
leads	4.65
leady	0.00
leafs	3.56
leafy	3.30
leaks	3.88
leaky	3.06
leans	3.27
leant	2.43
leaps	3.36
leapt	3.05
learn	5.17
lears	1.44
leary	2.86
lease	4.17
leash	3.47
least	5.44
leave	5.34
leavy	1.95
leben	2.46
ledge	3.41
ledgy	0.00
leech	3.17
leeks	2.70
leers	1.70
leery	2.58
leets	1.02
lefts	2.40
lefty	3.25
legal	5.08
leger	2.69
leges	1.78
leggy	2.48
legit	4.01
lehrs	0.00
lehua	1.46
leman	2.31
lemma	2.74
lemon	4.10
lemur	2.57
lends	3.36
lenes	0.00
lenis	1.45
lenos	0.00
lense	2.28
lento	2.12
leone	3.64
leper	2.79
lepta	0.00
letch	1.63
lethe	2.03
letup	1.49
leuds	0.00
levee	2.79
level	5.41
lever	3.64
levin	3.41
lewis	4.48
lexes	0.00
lexis	2.45
lezzy	1.05
liana	2.53
liane	2.24
liang	3.13
liard	1.63
liars	3.46
libel	3.34
liber	2.82
libra	2.93
libri	2.34
lichi	0.00
licht	2.32
licit	1.94
licks	3.10
lidar	2.65
lidos	1.37
liege	2.95
liens	2.67
liers	1.63
lieus	0.00
lieve	2.05
lifer	2.46
lifts	3.76
ligan	0.00
liger	2.23
light	5.33
liked	4.76
liken	2.57
liker	1.77
likes	4.73
lilac	3.11
lilts	1.05
liman	2.15
limas	1.44
limba	1.46
limbi	0.00
limbo	3.31
limbs	3.74
limby	0.00
limed	1.46
limen	1.25
limes	2.85
limey	2.13
limit	4.70
limns	0.00
limos	2.44
limpa	1.12
limps	2.22
linac	1.83
lindy	2.84
lined	4.08
linen	3.61
liner	3.75
lines	4.95
liney	1.14
linga	2.13
lingo	3.01
lings	2.06
lingy	0.00
linin	1.19
links	4.72
linky	2.46
linns	0.00
linos	1.38
lints	1.05
linty	1.13
linum	1.66
lions	4.18
lipid	3.29
lipin	1.40
lippy	2.20
liras	1.83
lirot	0.00
lisle	2.62
lisps	1.61
lists	4.38
litai	0.00
litas	1.44
liter	3.46
lithe	2.48
litho	2.13
litre	3.50
lived	4.88
liven	2.63
liver	4.18
lives	5.14
livid	2.99
livre	2.43
llama	2.95
llano	2.20
loach	2.44
loads	4.22
loafs	1.74
loams	1.62
loamy	2.22
loans	4.51
loath	2.67
lobar	1.59
lobby	4.03
lobed	2.58
lobes	3.14
lobos	2.75
local	5.43
lochs	2.30
locks	3.94
locos	2.45
locum	2.59
locus	3.18
loden	1.64
lodes	1.67
lodge	4.08
loess	2.30
lofts	2.64
lofty	3.34
logan	4.04
loges	1.27
loggy	0.00
logia	1.84
logic	4.36
logoi	1.18
logos	3.53
loins	2.71
lolls	1.37
lolly	2.81
loner	3.07
longe	2.05
longs	3.02
looby	1.67
looed	0.00
looey	1.07
loofa	1.47
loofs	0.00
looie	0.00
looks	5.36
looms	3.23
loons	2.57
loony	2.78
loops	3.65
loopy	2.67
loose	4.46
loots	2.08
loped	1.47
loper	1.79
lopes	2.65
loppy	0.00
loral	1.96
loran	2.24
lords	4.08
lores	2.07
loris	2.33
lorry	3.21
losel	0.00
loser	4.01
loses	4.11
lossy	2.35
lotah	0.00
lotas	0.00
lotic	1.25
lotos	1.71
lotte	2.99
lotto	3.23
lotus	3.62
lough	2.84
louie	3.38
louis	4.82
loupe	2.05
loups	1.23
lours	0.00
loury	1.45
louse	2.60
lousy	3.31
louts	2.06
lovat	2.16
loved	5.00
lover	4.26
loves	4.66
lowed	1.49
lower	5.11
lowes	2.69
lowly	3.27
lowse	0.00
loxed	0.00
loxes	0.00
loyal	4.20
luaus	1.24
lubes	1.97
luces	1.44
lucid	3.27
lucks	1.94
lucky	4.77
lucre	2.02
ludes	1.54
ludic	1.62
luffa	1.42
luffs	0.00
luged	0.00
luger	2.62
luges	0.00
lulls	2.27
lulus	1.51
lumen	3.09
lumps	3.19
lumpy	2.84
lunar	3.77
lunas	1.93
lunch	4.66
lunes	1.68
lunet	0.00
lunge	2.85
lungi	1.93
lungs	3.97
lunks	0.00
lunts	1.25
lupin	2.86
lupus	3.20
lurch	2.79
lured	3.26
lurer	0.00
lures	2.94
lurid	2.73
lurks	2.82
lusts	2.49
lusty	2.80
lusus	1.29
lutea	2.06
luted	0.00
lutes	2.01
luxes	0.00
lweis	0.00
lyard	0.00
lyart	0.00
lyase	1.94
lycea	0.00
lycee	1.85
lying	4.67
lymph	3.20
lynch	3.94
lyres	1.57
lyric	3.63
lysed	1.82
lyses	1.14
lysin	1.01
lysis	2.43
lyssa	1.93
lytic	2.04
lytta	0.00
maars	0.00
mabes	0.00
macaw	2.33
maced	1.86
macer	1.80
maces	2.01
mache	2.40
macho	3.26
machs	1.18
macks	1.74
macle	0.00
macon	3.13
macro	3.71
madam	3.59
madly	3.17
madre	2.88
mafia	3.83
mafic	2.19
mages	2.63
magic	4.76
magma	3.19
magot	0.00
magus	2.61
mahoe	0.00
maids	3.25
maile	1.91
maill	0.00
mails	3.62
maims	1.55
mains	3.45
mairs	1.39
maist	0.00
maize	3.34
major	5.30
makar	2.08
maker	4.23
makes	5.46
makos	1.58
malar	2.07
males	4.21
malic	2.14
malls	3.44
malms	0.00
malmy	0.00
malts	2.36
malty	2.08
mamas	2.79
mamba	2.64
mambo	2.78
mamey	1.20
mamie	2.65
mamma	3.32
mammy	2.62
manas	2.33
maned	1.94
manes	2.43
mange	2.50
mango	3.56
mangy	2.10
mania	3.44
manic	3.32
manly	3.66
manna	2.80
manor	3.81
manos	2.33
manse	2.46
manta	2.82
manus	2.88
maple	3.86
maqui	1.14
march	5.26
marcs	1.38
mares	2.99
marge	3.08
maria	4.34
marks	4.49
marls	1.87
marly	2.29
marry	4.40
marse	1.46
marsh	3.87
marts	2.27
marvy	1.31
maser	2.12
mashy	1.12
masks	3.88
mason	4.14
massa	3.12
masse	3.15
massy	2.25
masts	2.89
match	5.13
mated	2.92
mater	3.47
mates	3.99
matey	2.50
maths	3.75
matin	2.29
matte	3.52
matts	2.03
matza	1.46
matzo	2.20
mauds	0.00
mauls	2.03
maund	1.64
mauts	0.00
mauve	2.71
maven	2.88
mavie	0.00
mavin	1.66
mavis	2.87
mawed	0.00
maxes	1.95
maxim	3.39
maxis	2.39
mayan	3.11
mayas	1.99
maybe	5.45
mayed	0.00
mayor	4.62
mayos	1.60
mayst	1.61
mazed	1.08
mazer	1.96
mazes	2.69
mbira	1.50
meads	2.32
meals	4.19
mealy	2.40
means	5.44
meant	4.94
meany	2.31
meats	3.48
meaty	3.01
mecca	3.38
medal	4.39
media	5.30
medic	3.42
medii	1.41
meeds	1.13
meets	4.36
meiny	0.00
melds	2.18
melee	3.22
melic	1.03
mells	1.43
melon	3.32
melts	3.41
memos	2.98
menad	0.00
mends	2.10
mensa	2.66
mense	1.53
menta	1.82
menus	3.44
meous	0.00
meows	2.37
mercy	4.25
merde	1.94
merer	0.00
meres	1.77
merge	3.75
merit	4.08
merks	1.57
merle	3.04
merls	0.00
merry	3.83
mesas	2.23
meshy	0.00
mesic	1.96
mesne	1.48
meson	2.14
messy	3.87
metal	4.82
meted	2.56
meter	4.09
metes	1.73
meths	1.43
metis	2.33
metre	3.76
metro	4.18
mewed	1.16
mewls	0.00
mezes	1.09
mezzo	2.60
miaou	1.08
miaow	1.83
miasm	0.00
miaul	0.00
micas	1.51
miche	1.79
micks	1.66
micra	2.13
micro	4.08
middy	1.63
midge	2.76
midis	1.36
midst	3.89
miens	0.00
miffs	0.00
miffy	1.60
miggs	1.46
might	5.66
miked	1.77
mikes	2.61
mikra	0.00
milch	2.16
miler	2.54
miles	5.00
milia	1.80
milks	2.55
milky	3.50
mille	2.80
mills	4.22
milos	2.80
milpa	1.47
milts	0.00
milty	1.09
mimed	1.98
mimeo	1.49
mimer	1.10
mimes	2.31
mimic	3.49
minae	1.38
minas	2.84
mince	3.02
mincy	1.24
minds	4.45
mined	3.41
miner	3.58
mines	4.18
mingy	1.10
minim	1.99
minis	2.83
minke	2.27
minks	2.13
minny	2.22
minor	4.62
mints	3.02
minty	2.69
minus	4.00
mired	2.81
mires	1.80
mirex	1.11
mirks	0.00
mirky	0.00
mirth	2.62
mirza	2.89
misdo	0.00
miser	2.56
mises	2.56
misos	0.00
missy	3.26
mists	2.83
misty	3.39
miter	2.39
mites	3.06
mitis	1.60
mitre	2.63
mitts	2.71
mixed	4.64
mixer	3.50
mixes	3.52
mixup	2.16
mizen	1.78
moans	3.13
moats	2.25
mocha	2.98
mocks	3.04
modal	3.13
model	5.13
modem	3.40
modes	3.96
modus	2.93
moggy	1.70
mogul	3.07
mohel	1.63
mohur	0.00
moils	0.00
moira	3.13
moire	1.99
moist	3.69
mojos	1.59
mokes	1.09
molal	0.00
molar	2.99
molas	1.48
molds	3.12
moldy	2.69
moles	3.07
molls	1.67
molly	3.87
molto	2.31
molts	1.70
momes	0.00
momma	3.41
mommy	3.89
momus	1.59
monad	2.35
monas	1.64
monde	3.04
mondo	2.79
money	5.64
mongo	2.52
monie	1.81
monks	3.72
monos	1.68
monte	3.69
month	5.25
mooch	2.43
moods	3.37
moody	3.70
mooed	1.18
moola	1.87
mools	0.00
moons	3.38
moony	1.81
moors	3.18
moory	0.00
moose	3.61
moots	1.75
moped	2.78
moper	0.00
mopes	1.62
mopey	2.08
morae	1.11
moral	4.46
moras	1.56
moray	3.02
morel	2.62
mores	2.82
morns	1.24
moron	3.75
morph	3.07
morro	2.46
morse	3.52
morts	1.81
mosey	2.18
mosks	0.00
mosso	1.66
mossy	2.64
moste	1.24
mosts	1.15
motel	3.61
motes	2.38
motet	1.96
motey	0.00
moths	3.21
mothy	0.00
motif	3.40
motor	4.53
motte	2.50
motto	3.72
motts	1.52
mouch	1.31
moues	0.00
mould	3.45
moult	2.25
mound	3.60
mount	4.47
mourn	3.43
mouse	4.31
mousy	2.01
mouth	4.83
moved	5.01
mover	3.21
moves	4.59
movie	5.16
mowed	2.77
mower	3.10
moxas	0.00
moxie	2.55
mozos	0.00
mucid	0.00
mucin	2.03
mucks	1.77
mucky	2.29
mucor	1.44
mucro	0.00
mucus	3.15
muddy	3.60
mudra	2.23
muffs	2.18
mufti	2.86
muggs	1.67
muggy	2.53
muhly	1.68
mujik	0.00
mulch	2.90
mulct	0.00
muled	0.00
mules	3.11
muley	1.75
mulla	2.22
mulls	2.31
mumms	0.00
mummy	3.57
mumps	2.81
mumus	0.00
munch	3.08
mungo	2.44
munis	1.85
muons	1.97
mural	3.49
muras	0.00
mured	0.00
mures	1.52
murex	1.88
murid	1.65
murks	1.09
murky	3.12
murra	1.30
murre	1.32
murrs	0.00
murry	2.25
musca	1.76
mused	2.67
muser	1.36
muses	3.04
mushy	2.94
music	5.52
musks	1.50
musky	2.43
mussy	1.58
musth	1.46
musts	1.95
musty	2.83
mutch	2.18
muted	3.42
muter	1.37
mutes	2.45
muton	0.00
mutts	2.42
muzzy	2.00
mynah	1.64
mynas	0.00
myoid	0.00
myoma	1.23
myope	0.00
myopy	0.00
myrrh	2.56
mysid	1.09
myths	3.75
mythy	0.00
naans	1.14
nabes	0.00
nabis	1.51
nabob	1.68
nacho	3.02
nacre	1.68
nadas	1.03
nadir	2.86
naevi	0.00
naggy	1.54
naiad	1.77
naifs	0.00
nails	4.04
naira	2.63
naive	3.75
naked	4.43
naled	1.14
named	4.95
namer	1.68
names	4.91
nanas	1.84
nance	2.90
nancy	4.14
nanny	3.59
napes	1.43
nappe	1.56
nappy	2.88
narco	2.57
narcs	1.94
nards	1.40
nares	2.12
naric	0.00
naris	1.32
narks	1.30
narky	1.30
nasal	3.49
nasty	4.22
natal	3.41
natch	2.15
nates	1.83
natty	2.75
naval	4.24
navar	1.29
navel	2.95
naves	1.85
navvy	1.61
nawab	2.60
nazis	3.94
neaps	0.00
nears	2.88
neath	2.84
neats	1.03
necks	3.40
needs	5.37
needy	3.58
neems	0.00
neeps	1.32
negus	2.26
neifs	0.00
neigh	2.49
neist	1.10
nelly	3.16
nemas	0.00
neons	1.82
nerds	3.36
nerdy	3.17
nerol	0.00
nerts	0.00
nertz	0.00
nerve	4.19
nervy	2.25
nests	3.43
netop	0.00
netts	0.00
netty	1.73
neuks	0.00
neume	0.00
neums	0.00
never	5.91
neves	2.55
nevus	1.94
newel	1.88
newer	3.94
newie	0.00
newly	4.42
newsy	1.92
newts	2.21
nexus	3.65
ngwee	0.00
nicad	1.27
nicer	3.65
niche	3.85
nicks	3.07
nicol	2.78
nidal	2.06
nided	0.00
nides	0.00
nidus	1.81
niece	3.82
nieve	1.95
nifty	3.17
nighs	0.00
night	5.61
nihil	2.19
nills	0.00
nimbi	0.00
nines	2.84
ninja	3.87
ninny	1.93
ninon	1.75
ninth	4.07
nipas	0.00
nippy	2.38
nisei	2.09
nisus	1.80
niter	1.45
nites	1.63
nitid	0.00
niton	1.26
nitre	1.51
nitro	3.23
nitty	2.70
nival	1.17
nixed	2.28
nixes	1.69
nixie	1.88
nizam	2.55
nobby	2.23
noble	4.24
nobly	2.39
nocks	1.25
nodal	2.55
noddy	2.22
nodes	3.78
nodus	1.29
noels	1.43
noggs	1.17
nohow	1.43
noils	0.00
noily	0.00
noirs	2.14
noise	4.55
noisy	3.67
nolos	0.00
nomad	3.07
nomas	1.27
nomen	2.21
nomes	1.61
nomoi	0.00
nomos	2.09
nonas	0.00
nonce	2.44
nones	1.83
nonet	1.39
nonyl	0.00
nooks	2.59
nooky	1.09
noons	1.71
noose	2.98
nopal	1.67
noria	1.56
noris	1.47
norms	3.76
north	5.34
nosed	3.14
noses	3.45
nosey	2.55
notal	0.00
notch	3.78
noted	4.69
noter	1.27
notes	4.84
notum	1.17
nouns	3.26
novae	2.03
novas	2.10
novel	4.63
noway	1.91
nowts	0.00
nubby	1.65
nubia	2.45
nucha	0.00
nuder	0.00
nudes	3.24
nudge	3.22
nudie	2.22
nudzh	0.00
nuked	2.39
nukes	3.14
nulls	1.87
numbs	2.09
numen	1.55
nurds	0.00
nurls	0.00
nurse	4.40
nutsy	1.18
nutty	3.19
nyala	1.55
nylon	3.42
nymph	2.87
oaken	1.94
oakum	1.51
oared	1.59
oases	2.36
oasis	3.56
oasts	0.00
oaten	1.55
oater	0.00
oaths	2.91
oaves	0.00
obeah	1.81
obeli	0.00
obese	3.68
obeys	2.67
obias	0.00
obits	2.05
objet	2.03
oboes	1.94
obole	0.00
oboli	1.17
obols	1.11
occur	4.47
ocean	4.70
ocher	2.04
ochre	2.69
ochry	0.00
ocker	1.76
ocrea	0.00
octad	0.00
octal	2.13
octan	1.08
octet	2.24
octyl	1.50
oculi	1.73
odder	2.10
oddly	3.56
odeon	2.57
odeum	1.07
odist	0.00
odium	2.00
odors	2.97
odour	2.96
odyle	0.00
odyls	0.00
ofays	0.00
offal	2.51
offed	2.13
offer	5.05
often	5.41
ofter	1.49
ogams	0.00
ogees	0.00
ogham	1.56
ogive	1.62
ogled	1.88
ogler	0.00
ogles	1.47
ogres	2.49
ohias	0.00
ohing	0.00
ohmic	1.91
oidia	0.00
oiled	3.10
oiler	2.36
oinks	1.05
okapi	1.85
okays	1.70
okehs	0.00
okras	0.00
olden	2.84
older	4.92
oldie	2.65
oleic	2.19
olein	1.05
oleos	0.00
oleum	1.75
olios	0.00
olive	4.09
ollas	1.04
ology	2.01
omasa	0.00
omber	0.00
ombre	2.59
omega	3.78
omens	2.77
omers	1.56
omits	2.71
onery	0.00
onion	3.89
onium	1.07
onset	3.72
ontic	1.30
oohed	1.05
oomph	2.62
oorie	0.00
ootid	0.00
oozed	2.34
oozes	2.63
opahs	0.00
opals	2.34
opens	4.43
opera	4.27
opine	2.30
oping	1.31
opium	3.46
opsin	1.58
opted	3.75
optic	3.65
orach	1.15
orals	1.69
orang	2.69
orate	1.49
orbed	1.39
orbit	4.03
orcas	2.74
orcin	0.00
order	5.49
ordos	1.80
oread	1.30
organ	4.14
orgic	0.00
oribi	1.10
oriel	2.49
orles	0.00
orlop	1.09
ormer	1.23
ornis	0.00
orpin	0.00
orris	1.84
ortho	2.81
orzos	0.00
osier	1.54
osmic	0.00
osmol	0.00
ossia	1.28
ostia	2.30
other	6.16
ottar	1.23
otter	3.37
ottos	1.59
ought	4.35
ounce	3.80
ouphe	0.00
ouphs	0.00
ourie	0.00
ousel	0.00
ousts	1.80
outby	0.00
outdo	2.72
outed	2.91
outer	4.25
outgo	1.34
outre	1.91
ouzel	1.46
ouzos	0.00
ovals	2.47
ovary	2.94
ovate	2.58
ovens	3.22
overs	3.56
overt	3.31
ovine	1.68
ovoid	2.42
ovoli	0.00
ovolo	1.26
ovule	1.76
owing	3.73
owlet	1.83
owned	4.76
owner	4.83
owsen	0.00
oxbow	2.17
oxeye	0.00
oxide	3.66
oxids	0.00
oxime	1.66
oxims	0.00
oxlip	0.00
oxter	0.00
oyers	0.00
ozone	3.42
pacas	1.02
paced	3.56
pacer	2.71
paces	3.17
pacha	2.41
packs	3.94
pacts	2.61
paddy	3.62
padis	0.00
padle	0.00
padre	3.11
padri	1.21
paean	2.41
paeon	1.09
pagan	3.56
paged	2.45
pager	2.63
pages	4.62
pagod	0.00
paiks	0.00
pails	2.15
pains	3.84
paint	4.52
pairs	4.11
paisa	2.30
paise	2.24
palea	1.29
paled	2.28
paler	2.87
pales	2.73
palet	1.40
palls	1.43
pally	2.44
palms	3.55
palmy	1.60
palpi	1.97
palps	1.97
palsy	3.20
pampa	2.28
panda	3.65
pandy	1.83
paned	1.96
panel	4.55
panes	2.89
panga	1.84
pangs	2.60
panic	4.26
panne	1.73
pansy	2.77
panto	2.40
pants	4.48
panty	2.97
papal	3.40
papas	2.45
papaw	1.73
paper	5.07
pappi	1.69
pappy	2.56
paras	2.68
parch	1.45
pardi	1.88
pards	1.34
pardy	1.84
pared	2.75
pareo	1.15
parer	1.55
pares	2.17
pareu	0.00
parge	0.00
pargo	1.49
paris	4.82
parka	2.76
parks	4.33
parle	2.25
parol	1.79
parrs	1.41
parry	3.44
parse	2.98
parts	5.07
party	5.49
parve	1.11
parvo	1.87
paseo	2.40
pases	0.00
pasha	3.14
passe	2.53
pasta	3.92
paste	3.91
pasts	2.64
pasty	2.88
patch	4.20
pated	1.38
paten	1.93
pater	2.52
pates	1.65
paths	4.02
patin	1.74
patio	3.44
patly	0.00
patsy	3.12
patty	3.58
pause	4.00
pavan	2.02
paved	3.62
paver	2.06
paves	2.50
pavid	0.00
pavin	1.62
pavis	1.14
pawed	1.99
pawer	0.00
pawky	0.00
pawls	1.20
pawns	2.99
paxes	0.00
payed	2.95
payee	2.29
payer	3.22
payor	1.83
peace	5.02
peach	3.77
peage	0.00
peags	0.00
peaks	3.87
peaky	2.47
peals	1.87
peans	0.00
pearl	4.14
pears	3.16
peart	2.19
pease	2.80
peats	2.07
peaty	2.29
peavy	2.18
pecan	2.93
pechs	0.00
pecks	2.28
pecky	1.16
pedal	3.64
pedes	1.98
pedro	3.75
peeks	2.60
peels	2.80
peens	1.31
peeps	3.10
peers	4.02
peery	1.54
peeve	2.80
peins	0.00
peise	0.00
pekan	1.37
pekes	0.00
pekin	2.33
pekoe	1.71
peles	1.33
pelfs	0.00
pelon	1.40
pelts	2.65
penal	3.46
pence	3.66
pends	1.24
penes	1.29
pengo	1.26
penis	4.05
penna	2.22
penne	2.47
penni	1.34
penny	4.07
peons	2.27
peony	2.57
pepla	0.00
pepos	0.00
peppy	2.53
perch	3.29
perdu	2.03
perdy	1.32
perea	1.90
peril	3.40
peris	2.00
perks	3.62
perky	2.95
perms	2.08
perry	4.22
perse	2.24
pesky	3.10
pesos	3.23
pesto	2.88
pests	3.41
pesty	1.18
petal	3.04
peter	4.88
petit	3.27
petti	1.52
petto	1.43
petty	4.07
pewee	1.64
pewit	0.00
phage	2.66
phase	4.64
phial	1.93
phlox	2.35
phone	5.30
phono	2.29
phons	0.00
phony	3.35
photo	4.97
phots	1.24
phpht	0.00
phuts	0.00
phyla	2.04
phyle	0.00
piano	4.31
pians	0.00
pibal	0.00
pical	0.00
picas	1.21
picks	4.24
picky	3.34
picot	2.30
picul	0.00
piece	5.04
piers	3.51
pieta	2.01
piety	3.09
piggy	3.30
pigmy	1.72
piing	0.00
pikas	1.61
piked	1.41
piker	1.70
pikes	2.75
pikis	0.00
pilaf	2.17
pilar	2.82
pilau	1.58
pilaw	0.00
pilea	1.15
piled	3.41
pilei	0.00
piles	3.59
pilis	1.24
pills	4.05
pilot	4.52
pilus	1.48
pimas	0.00
pimps	2.86
pinas	1.69
pinch	3.76
pined	2.04
pines	3.44
piney	2.48
pingo	1.56
pings	2.93
pinko	2.05
pinks	2.80
pinky	3.39
pinna	2.10
pinny	1.61
pinon	1.88
pinot	3.09
pinta	2.06
pinto	3.12
pints	3.22
pinup	2.32
pions	1.70
pious	3.31
pipal	1.36
piped	2.96
piper	3.68
pipes	3.95
pipet	1.17
pipit	1.87
pique	2.93
pirns	0.00
pirog	1.04
pisco	2.19
pisos	0.00
piste	2.39
pitas	1.84
pitch	4.43
piths	0.00
pithy	2.61
piton	1.95
pivot	3.50
pixel	3.72
pixes	0.00
pixie	3.15
pizza	4.43
place	5.71
plack	1.41
plage	2.12
plaid	3.33
plain	4.43
plait	2.42
plane	4.72
plank	3.46
plans	5.01
plant	4.89
plash	1.31
plasm	1.68
plate	4.55
plats	2.21
platy	1.71
playa	3.18
plays	4.84
plaza	3.91
plead	3.63
pleas	3.51
pleat	2.19
plebe	1.88
plebs	2.62
plena	1.87
plews	1.20
plica	1.49
plied	2.56
plier	1.66
plies	2.60
plink	1.83
plods	1.70
plonk	2.15
plops	2.02
plots	3.77
plotz	1.62
plows	2.69
ploys	2.21
pluck	3.13
plugs	3.47
plumb	2.92
plume	3.19
plump	3.19
plums	2.97
plumy	0.00
plunk	2.11
plush	3.33
plyer	0.00
poach	2.68
pocks	1.27
pocky	2.02
podgy	1.65
podia	1.38
poems	4.11
poesy	1.66
poets	3.84
pogey	0.00
poilu	1.29
poind	0.00
point	5.54
poise	3.04
poked	3.23
poker	3.97
pokes	2.92
pokey	2.54
polar	3.96
poled	1.62
poler	0.00
poles	3.88
polio	3.27
polis	2.74
polka	3.20
polls	4.10
polos	2.31
polyp	2.39
polys	1.71
pomes	1.03
pommy	1.70
pomps	1.33
ponce	2.89
ponds	3.46
pones	1.19
pongs	1.51
pooch	2.97
poods	1.51
poofs	1.89
poofy	2.13
poohs	1.42
pools	3.87
poons	1.13
poops	2.57
poori	1.51
poove	0.00
popes	3.08
poppa	2.56
poppy	3.59
popsy	1.39
porch	3.85
pored	2.20
pores	3.40
porgy	2.25
porks	1.25
porky	2.67
porno	3.36
porns	1.71
porny	1.48
ports	4.07
posed	3.81
poser	2.67
poses	3.79
posit	2.76
posse	3.18
posts	4.65
potsy	1.06
potto	1.49
potty	3.26
pouch	3.43
pouff	0.00
poufs	1.13
poult	1.25
pound	4.32
pours	3.22
pouts	2.06
pouty	2.38
power	5.52
poxed	0.00
poxes	0.00
poyou	0.00
praam	0.00
prahu	0.00
prams	2.09
prang	2.10
prank	3.70
praos	0.00
prase	1.01
prate	1.52
prats	1.84
praus	0.00
prawn	2.87
prays	3.10
preed	0.00
preen	2.16
prees	1.24
preps	2.47
presa	1.80
prese	1.61
press	5.16
prest	2.01
prexy	1.14
preys	2.50
price	5.23
prick	3.60
pricy	2.22
pride	4.49
pried	2.39
prier	1.21
pries	1.85
prigs	1.43
prill	1.40
prima	3.34
prime	4.81
primi	1.76
primo	2.99
primp	1.55
prims	1.41
prink	1.05
print	4.54
prion	2.52
prior	4.85
prise	2.45
prism	3.44
priss	1.57
privy	3.46
prize	4.59
proas	0.00
probe	3.99
prods	2.33
proem	1.25
profs	2.52
progs	1.78
prole	1.79
promo	3.81
proms	2.86
prone	3.93
prong	2.80
proof	4.70
props	3.72
prose	3.72
proso	1.07
pross	1.69
prost	2.62
prosy	1.03
proud	4.78
prove	4.77
prowl	2.75
prows	1.35
proxy	3.73
prude	2.58
prune	2.96
pruta	0.00
pryer	1.40
psalm	3.56
pseud	1.61
pshaw	1.79
psoae	0.00
psoai	0.00
psoas	1.91
psych	3.48
pubes	2.68
pubic	3.07
pubis	2.27
puces	1.16
pucka	0.00
pucks	2.53
pudgy	2.47
pudic	0.00
puffs	3.08
puffy	3.13
puggy	1.70
pujah	0.00
pujas	1.59
puked	2.76
pukes	2.19
pukka	1.91
puled	0.00
puler	0.00
pules	0.00
pulik	0.00
pulis	2.48
pulls	4.01
pulps	2.12
pulpy	2.23
pulse	4.06
pumas	2.66
pumps	3.83
punas	0.00
punch	4.32
pungs	0.00
punka	0.00
punks	2.98
punky	2.34
punny	2.07
punto	2.39
punts	2.66
punty	0.00
pupae	2.35
pupal	2.15
pupas	0.00
pupil	3.81
puppy	4.00
purda	0.00
puree	2.87
purer	2.53
purge	3.57
purin	1.37
puris	1.47
purls	1.26
purrs	2.40
purse	3.95
pursy	0.00
puses	0.00
pushy	3.00
pussy	4.24
puton	1.11
putti	1.90
putto	1.27
putts	2.45
putty	2.89
pygmy	2.72
pyins	0.00
pylon	2.67
pyoid	0.00
pyran	1.07
pyres	1.86
pyric	0.00
pyxes	0.00
pyxie	0.00
pyxis	1.77
qaids	0.00
qanat	1.13
qophs	0.00
quack	3.06
quads	2.77
quaff	1.82
quags	0.00
quail	3.13
quais	1.38
quake	3.45
quaky	0.00
quale	1.76
qualm	1.89
quant	2.57
quare	1.71
quark	3.05
quart	3.01
quash	2.75
quasi	3.49
quass	0.00
quate	1.44
quays	2.53
quean	1.08
queen	4.86
queer	3.76
quell	3.00
quern	1.59
query	3.64
quest	4.27
queue	3.78
queys	0.00
quick	4.98
quids	1.86
quiet	4.65
quiff	2.06
quill	3.11
quilt	3.25
quins	1.96
quint	2.64
quips	2.62
quipu	1.46
quire	2.22
quirk	3.13
quirt	1.58
quite	5.29
quits	3.39
quods	0.00
quoin	1.64
quoit	1.51
quota	3.53
quote	4.51
quoth	2.08
qursh	0.00
rabat	2.60
rabbi	3.69
rabic	0.00
rabid	3.13
raced	3.59
racer	3.45
races	4.38
racks	3.37
racon	1.11
radar	4.20
radii	2.55
radio	5.01
radix	2.25
radon	2.89
raffs	0.00
rafts	2.88
ragas	1.86
raged	3.06
ragee	0.00
rages	3.06
raggy	1.58
ragis	0.00
raias	0.00
raids	3.89
rails	3.79
rains	3.84
rainy	3.74
raise	4.75
rajah	2.65
rajas	2.10
rajes	0.00
raked	2.86
rakee	0.00
raker	1.88
rakes	2.71
rakis	0.00
rales	1.56
rally	4.34
ralph	4.10
ramee	1.26
ramet	1.05
ramie	1.62
rammy	1.60
ramps	3.28
ramus	2.09
rance	2.63
ranch	4.03
rands	2.13
randy	3.92
ranee	1.56
range	5.12
rangy	1.91
ranid	0.00
ranis	1.23
ranks	4.23
rants	3.12
raped	4.08
raper	2.30
rapes	3.36
raphe	1.83
rapid	4.38
rared	0.00
rarer	3.05
rares	2.34
rased	0.00
raser	1.05
rases	0.00
rasps	1.81
raspy	2.64
ratal	0.00
ratan	2.32
ratch	1.31
rated	4.30
ratel	1.25
rater	2.30
rates	4.88
rathe	1.76
ratio	4.37
ratos	0.00
ratty	2.47
raved	2.50
ravel	2.71
raven	3.79
raver	2.19
raves	2.83
ravin	2.01
rawer	1.62
rawin	0.00
rawly	1.38
raxed	0.00
raxes	0.00
rayah	0.00
rayas	1.30
rayed	2.41
rayon	2.99
razed	2.79
razee	1.10
razer	2.86
razes	1.42
razor	3.72
reach	4.94
react	4.16
readd	0.00
reads	4.25
ready	5.28
realm	4.06
reals	2.73
reams	2.58
reaps	2.34
rearm	2.14
rears	2.60
reata	1.48
reave	1.33
rebar	2.57
rebbe	2.35
rebec	1.29
rebel	4.08
rebid	1.57
rebop	0.00
rebus	2.53
rebut	2.60
rebuy	1.84
recap	3.45
recce	2.22
recks	1.08
recon	3.24
recta	1.74
recti	1.49
recto	2.24
recur	2.65
recut	2.13
redan	1.66
redds	1.53
reded	0.00
redes	1.66
redia	0.00
redid	2.29
redip	0.00
redly	0.00
redon	1.76
redos	1.24
redox	2.75
redry	0.00
redub	1.20
redux	2.74
redye	0.00
reeds	3.02
reedy	2.56
reefs	3.36
reefy	0.00
reeks	2.81
reeky	0.00
reels	3.12
reest	0.00
reeve	2.91
refed	0.00
refel	0.00
refer	4.45
refit	2.67
refix	1.16
refly	0.00
refry	0.00
regal	3.34
reges	1.26
regma	0.00
regna	1.48
rehab	3.79
rehem	0.00
reifs	0.00
reify	1.55
reign	4.07
reink	0.00
reins	3.31
reive	0.00
rekey	1.14
relax	4.29
relay	3.86
relet	1.13
relic	3.37
relit	1.65
reman	2.02
remap	1.94
remet	0.00
remex	0.00
remit	3.09
remix	3.99
renal	3.44
rends	1.50
renew	3.73
renig	0.00
renin	2.09
rente	0.00
rents	3.58
reoil	0.00
repay	3.66
repeg	0.00
repel	3.20
repin	1.87
reply	4.50
repos	2.43
repot	1.82
repps	0.00
repro	2.25
reran	1.53
rerig	0.00
rerun	2.90
resaw	0.00
resay	0.00
resee	0.00
reset	3.83
resew	0.00
resid	1.51
resin	3.61
resod	0.00
resow	0.00
rests	3.64
retag	0.00
retax	0.00
retch	2.04
retem	0.00
retia	0.00
retie	1.34
retro	3.73
retry	2.57
reuse	3.37
revel	3.11
revet	0.00
revue	3.07
rewan	0.00
rewax	0.00
rewed	0.00
rewet	0.00
rewin	0.00
rewon	0.00
rexes	1.53
rheas	1.48
rheum	1.79
rhino	3.57
rhomb	1.44
rhumb	1.39
rhyme	3.56
rhyta	0.00
rials	2.07
riant	1.19
riata	1.46
ribby	1.23
ribes	1.96
riced	1.43
ricer	1.80
rices	1.89
ricin	2.40
ricks	2.65
rider	4.02
rides	4.06
ridge	4.12
ridgy	1.06
riels	1.12
rifer	0.00
riffs	3.10
rifle	4.18
rifts	2.75
right	5.96
rigid	3.75
rigor	3.07
riled	2.84
riles	2.21
riley	3.90
rille	1.34
rills	1.47
rimed	1.03
rimer	1.72
rimes	2.40
rinds	2.32
rings	4.33
rinks	2.56
rinse	3.48
rioja	2.42
riots	3.87
riped	1.22
ripen	2.64
riper	1.95
ripes	0.00
risen	3.86
riser	2.88
rises	4.07
rishi	2.75
risks	4.35
risky	3.94
risus	1.49
rites	3.44
ritzy	2.23
rival	4.18
rived	1.21
riven	2.72
river	5.03
rives	2.23
rivet	2.69
riyal	1.69
roach	3.44
roads	4.55
roams	2.52
roans	1.44
roars	2.91
roast	3.87
robed	2.43
robes	3.39
robin	4.33
roble	1.72
robot	4.24
rocks	4.38
rocky	4.16
rodeo	3.47
roger	4.39
rogue	3.89
roils	1.42
roily	0.00
roles	4.44
rolfs	1.22
rolls	4.23
roman	4.50
romeo	3.71
romps	1.99
rondo	3.03
roods	1.44
roofs	3.58
rooks	2.56
rooky	1.13
rooms	4.56
roomy	2.67
roose	2.33
roost	3.00
roots	4.34
rooty	2.03
roped	2.83
roper	3.07
ropes	3.66
ropey	1.92
roque	2.56
rosed	0.00
roses	4.01
roset	1.38
rosin	2.53
rotas	1.72
rotch	1.60
rotes	1.53
rotis	1.69
rotls	0.00
rotor	3.42
rotos	0.00
rotte	0.00
rouen	2.77
roues	0.00
rouge	3.66
rough	4.49
round	5.14
roups	0.00
roupy	0.00
rouse	3.10
roust	1.59
route	4.67
routh	2.12
routs	2.09
roved	1.59
roven	1.40
rover	3.76
roves	1.44
rowan	3.32
rowdy	3.21
rowed	2.78
rowel	1.27
rowen	2.03
rower	3.11
rowth	0.00
royal	4.85
ruana	1.09
rubes	2.22
ruble	2.62
rubus	2.02
ruche	1.32
rucks	1.93
rudds	1.14
ruddy	3.01
ruder	2.13
ruers	0.00
ruffe	1.12
ruffs	1.72
rugae	1.56
rugal	1.34
rugby	4.40
ruing	1.64
ruins	4.02
ruled	4.30
ruler	3.84
rules	5.06
rumba	2.63
rumen	2.30
rummy	2.37
rumor	3.73
rumps	1.71
runes	2.89
rungs	2.55
runic	2.39
runny	2.94
runts	1.79
runty	1.39
rupee	3.04
rural	4.59
ruses	1.84
rushy	1.48
rusks	1.50
rusts	2.06
rusty	3.61
ruths	1.43
rutin	1.56
rutty	1.50
ryked	0.00
rykes	0.00
rynds	0.00
ryots	0.00
sabed	0.00
saber	3.18
sabes	1.79
sabin	2.49
sabir	1.90
sable	2.99
sabot	2.06
sabra	2.51
sabre	3.02
sacks	3.59
sacra	2.68
sades	0.00
sadhe	0.00
sadhu	2.20
sadis	0.00
sadly	4.18
safer	4.09
safes	2.77
sagas	2.61
sager	2.49
sages	2.92
saggy	2.70
sagos	0.00
sagum	0.00
sahib	3.01
saice	0.00
saids	1.64
saiga	2.01
sails	3.52
sains	1.73
saint	4.41
saith	2.94
sajou	0.00
saker	2.04
sakes	2.90
sakis	1.28
salad	4.15
salal	1.59
salep	1.20
sales	5.02
salic	1.80
sally	3.97
salmi	1.59
salol	0.00
salon	3.87
salpa	1.29
salps	1.44
salsa	3.53
salts	3.41
salty	3.74
salve	2.81
salvo	2.86
samba	3.18
sambo	2.51
samek	1.04
samps	0.00
sands	3.81
sandy	4.19
saned	0.00
saner	2.25
sanes	1.25
sanga	2.04
sangh	2.53
santo	3.36
sapid	1.02
sapor	1.05
sappy	2.68
saran	2.60
sards	0.00
saree	2.63
sarge	2.54
sarin	2.79
saris	2.40
sarks	1.10
sarky	1.43
sarod	1.36
saros	1.81
sasin	1.09
sassy	3.21
satay	2.24
sated	2.43
satem	1.25
sates	2.10
satin	3.39
satis	1.94
satyr	2.47
sauce	4.30
sauch	0.00
saucy	2.90
saugh	0.00
sauls	1.56
sault	2.65
sauna	3.25
saury	1.51
saute	2.46
saved	4.67
saver	3.27
saves	4.07
savin	2.56
savor	2.98
savoy	3.09
savvy	3.56
sawed	2.80
sawer	1.55
saxes	1.66
sayer	2.50
sayid	2.24
sayst	0.00
scabs	2.58
scads	1.88
scags	0.00
scald	2.17
scale	4.83
scall	0.00
scalp	3.48
scaly	2.81
scamp	2.32
scams	3.37
scans	3.62
scant	3.10
scape	2.71
scare	4.07
scarf	3.68
scarp	2.28
scars	3.76
scart	1.76
scary	4.37
scats	1.79
scatt	1.08
scaup	1.74
scaur	0.00
scena	1.63
scend	0.00
scene	4.97
scent	3.82
schav	0.00
schmo	1.80
schul	1.28
schwa	1.86
scion	3.03
scoff	2.78
scold	2.81
scone	2.74
scoop	3.69
scoot	2.79
scope	4.26
scops	1.48
score	4.83
scorn	3.13
scots	3.74
scour	2.97
scout	3.97
scowl	2.51
scows	1.31
scrag	1.48
scram	2.35
scrap	3.90
scree	2.31
screw	4.25
scrim	2.50
scrip	2.60
scrod	1.16
scrub	3.69
scrum	3.25
scuba	3.31
scudi	1.56
scudo	1.47
scuds	1.70
scuff	2.45
sculk	0.00
scull	2.29
sculp	1.23
scums	1.94
scups	0.00
scurf	1.23
scuta	0.00
scute	1.59
scuts	0.00
seals	3.85
seams	3.32
seamy	1.82
sears	3.49
seats	4.53
sebum	2.15
secco	1.73
sects	3.14
sedan	3.55
seder	2.55
sedge	2.39
sedgy	0.00
sedum	2.00
seeds	4.28
seedy	2.83
seeks	4.13
seels	0.00
seely	2.21
seems	5.24
seeps	2.67
seepy	0.00
seers	2.42
segni	1.36
segno	1.45
segos	0.00
segue	2.56
seifs	0.00
seine	3.17
seise	0.00
seism	0.00
seize	3.80
selah	2.44
selfs	1.87
selle	1.81
sells	4.09
selva	2.19
semen	3.38
semes	1.08
semis	3.06
sends	4.15
sengi	1.26
senna	2.94
senor	2.61
sensa	1.75
sense	5.19
sente	1.74
senti	1.79
sepal	1.81
sepia	2.78
sepic	0.00
sepoy	2.10
septa	2.70
septs	1.47
serac	1.10
serai	1.77
seral	1.20
sered	1.07
serer	1.23
seres	1.73
serfs	2.70
serge	3.22
serif	2.64
serin	1.62
serow	1.20
serry	1.72
serum	3.74
serve	4.85
servo	2.90
setae	2.23
setal	0.00
seton	2.84
setts	1.82
setup	4.09
seven	5.08
sever	3.15
sewan	0.00
sewar	0.00
sewed	2.89
sewer	3.64
sexed	2.48
sexes	3.43
sexto	1.45
sexts	1.81
shack	3.43
shade	4.16
shads	1.21
shady	3.71
shaft	3.90
shags	1.99
shahs	1.86
shake	4.33
shako	1.69
shaky	3.45
shale	3.69
shall	5.03
shalt	3.34
shaly	1.13
shame	4.55
shams	2.65
shank	3.07
shape	4.72
shard	3.00
share	5.20
shark	4.10
sharn	1.41
sharp	4.48
shaul	2.15
shave	3.83
shawl	3.17
shawm	1.18
shawn	3.81
shaws	1.94
shays	2.04
sheaf	2.60
sheal	0.00
shear	3.40
sheas	0.00
sheds	3.48
sheen	3.34
sheep	4.19
sheer	4.01
sheet	4.40
sheik	3.10
shelf	4.02
shell	4.39
shend	0.00
shent	0.00
sheol	2.07
sherd	1.44
shewn	1.65
shews	1.39
shied	2.51
shiel	2.12
shier	1.45
shies	1.96
shift	4.57
shill	2.68
shily	0.00
shims	2.08
shine	4.17
shins	2.68
shiny	3.88
ships	4.55
shire	3.47
shirk	2.66
shirr	0.00
shirt	4.63
shist	0.00
shits	3.64
shiva	3.33
shive	1.65
shivs	1.49
shlep	0.00
shoal	2.93
shoat	1.10
shock	4.46
shoed	1.51
shoer	0.00
shoes	4.67
shogs	0.00
shoji	2.27
shone	3.23
shook	4.05
shool	1.60
shoon	1.31
shoos	1.53
shoot	4.73
shops	4.34
shore	4.33
shorl	0.00
shorn	2.53
short	5.33
shote	0.00
shots	4.63
shott	1.43
shout	4.06
shove	3.66
shown	4.90
shows	5.23
showy	2.79
shoyu	1.73
shred	3.32
shrew	2.75
shris	0.00
shrub	3.19
shrug	3.30
shtik	0.00
shuck	2.37
shuln	0.00
shuls	1.10
shuns	2.32
shunt	2.82
shush	2.75
shute	2.34
shuts	3.49
shyer	1.72
shyly	2.42
sials	0.00
sibbs	0.00
sibyl	2.45
sices	0.00
sicko	2.55
sicks	1.52
sided	3.94
sides	4.73
sidle	2.00
siege	3.93
sieur	2.18
sieve	3.00
sifts	1.85
sighs	3.38
sight	4.54
sigil	2.37
sigma	3.51
signs	4.71
siker	0.00
sikes	2.45
silds	0.00
silex	1.87
silks	2.79
silky	3.26
sills	2.79
silly	4.39
silos	2.94
silts	1.73
silty	2.11
silva	3.77
simar	1.41
simas	1.67
simps	1.86
since	5.75
sines	2.09
sinew	2.33
singe	2.43
sings	3.89
sinhs	0.00
sinks	3.47
sinus	3.28
siped	0.00
sipes	1.69
sired	2.65
siree	1.67
siren	3.46
sires	2.52
sirra	0.00
sirup	1.30
sisal	2.19
sises	0.00
sissy	3.23
sitar	2.41
sited	2.75
sites	4.74
situp	0.00
situs	2.00
siver	1.83
sixes	2.91
sixmo	0.00
sixte	1.08
sixth	4.38
sixty	3.93
sizar	1.14
sized	4.27
sizer	1.94
sizes	4.18
skags	1.07
skald	1.55
skate	3.74
skats	0.00
skean	0.00
skeed	0.00
skeen	1.99
skees	1.24
skeet	2.70
skegs	0.00
skein	2.34
skelm	0.00
skelp	1.22
skene	2.07
skeps	0.00
skews	2.28
skids	2.72
skied	2.46
skier	3.20
skies	3.91
skiey	0.00
skiff	2.63
skill	4.42
skimo	1.05
skimp	2.52
skims	2.10
skink	2.14
skins	3.79
skint	2.42
skips	3.15
skirl	1.31
skirr	0.00
skirt	3.96
skite	1.03
skits	2.88
skive	1.64
skoal	1.82
skosh	0.00
skuas	1.61
skulk	1.89
skull	4.09
skunk	3.10
skyed	0.00
skyey	0.00
slabs	3.20
slack	3.71
slags	2.40
slain	3.54
slake	2.01
slams	3.63
slang	3.55
slank	1.36
slant	3.18
slaps	3.17
slash	3.65
slate	3.82
slats	2.68
slaty	2.04
slave	4.31
slaws	0.00
slays	2.53
sleds	2.57
sleek	3.34
sleep	5.05
sleet	2.83
slept	4.18
slews	1.12
slice	4.00
slick	3.71
slide	4.30
slier	1.11
slily	0.00
slime	3.38
slims	2.21
slimy	3.08
sling	3.34
slink	2.38
slipe	0.00
slips	3.61
slipt	0.00
slits	2.88
slobs	2.24
sloes	1.45
slogs	1.56
sloid	0.00
slojd	0.00
sloop	2.80
slope	3.90
slops	1.86
slosh	2.10
sloth	3.10
slots	3.83
slows	3.39
sloyd	1.22
slubs	0.00
slued	0.00
slues	0.00
sluff	1.02
slugs	3.05
slump	3.36
slums	3.20
slung	2.85
slunk	1.97
slurb	0.00
slurp	2.56
slurs	3.12
slush	2.99
sluts	3.19
slyer	0.00
slyly	2.46
slype	0.00
smack	3.64
small	5.51
smalt	0.00
smarm	1.35
smart	4.83
smash	4.09
smaze	0.00
smear	3.46
smeek	0.00
smell	4.49
smelt	2.99
smerk	0.00
smews	0.00
smile	4.64
smirk	3.04
smite	2.93
smith	4.89
smock	2.57
smogs	0.00
smoke	4.67
smoky	3.33
smolt	1.52
smote	2.30
smuts	2.41
snack	3.90
snafu	2.54
snags	2.65
snail	3.67
snake	4.23
snaky	1.72
snaps	3.66
snare	3.25
snark	2.65
snarl	2.62
snash	0.00
snath	0.00
snaws	0.00
sneak	3.99
sneap	0.00
sneck	0.00
sneds	0.00
sneer	2.70
snell	2.89
snibs	0.00
snick	1.71
snide	2.59
sniff	3.44
snipe	3.04
snips	2.25
snits	0.00
snobs	2.60
snogs	1.24
snood	1.80
snook	2.48
snool	0.00
snoop	3.40
snoot	1.94
snore	2.76
snort	3.01
snots	1.27
snout	3.08
snows	2.97
snowy	3.46
snubs	2.33
snuck	3.27
snuff	3.15
snugs	1.45
snyes	0.00
soaks	2.58
soaps	3.19
soapy	2.75
soars	2.87
soave	1.74
sober	3.94
socko	1.44
socks	4.03
socle	1.43
sodas	2.91
soddy	1.76
sodic	1.33
sodom	2.86
sofar	1.90
sofas	2.86
softa	0.00
softs	1.78
softy	2.21
soggy	3.14
soils	3.57
sojas	0.00
sokes	0.00
sokol	2.17
solan	1.91
solar	4.53
soldi	1.74
soldo	1.69
soled	2.28
solei	0.00
soles	3.18
solid	4.73
solon	2.66
solos	3.33
solum	1.75
solus	2.30
solve	4.42
somas	1.28
sonar	3.30
sonde	1.41
sones	1.92
songs	4.84
sonic	3.93
sonly	0.00
sonny	3.64
sonsy	0.00
sooey	0.00
sooks	1.13
sooth	2.37
soots	1.08
sooty	2.51
sophs	1.26
sophy	2.06
sopor	1.32
soppy	2.30
soras	1.16
sorbs	1.24
sords	0.00
sorel	2.31
sorer	1.40
sores	3.03
sorgo	0.00
sorns	0.00
sorry	5.18
sorts	4.21
sorus	0.00
soths	0.00
sotol	0.00
sough	1.59
souks	1.92
souls	4.21
sound	5.15
soups	3.10
soupy	2.28
sours	2.35
souse	1.73
south	5.40
sowar	0.00
sowed	2.59
sower	2.17
soyas	0.00
soyuz	2.90
sozin	1.35
space	5.23
spacy	1.69
spade	3.33
spado	0.00
spaed	0.00
spaes	0.00
spahi	0.00
spail	0.00
spait	0.00
spake	2.55
spale	0.00
spall	2.21
spang	1.84
spank	3.08
spans	3.48
spare	4.28
spark	3.99
spars	2.46
spasm	2.83
spate	2.79
spats	2.45
spawn	3.38
spays	1.12
speak	5.03
spean	1.62
spear	3.70
speck	3.02
specs	3.54
speed	5.00
speel	1.36
speer	2.68
speil	0.00
speir	1.36
spell	4.37
spelt	3.18
spend	4.97
spent	5.02
sperm	3.84
spews	2.45
spica	2.32
spice	3.94
spick	1.92
spics	1.46
spicy	3.80
spied	3.08
spiel	2.66
spier	1.85
spies	3.70
spiff	1.85
spike	3.96
spiks	0.00
spiky	2.75
spile	1.22
spill	3.84
spilt	2.91
spine	3.93
spins	3.51
spiny	2.64
spire	3.11
spirt	1.84
spiry	0.00
spite	4.04
spits	3.08
spitz	2.54
spivs	1.33
splat	2.70
splay	2.09
split	4.65
spode	1.98
spoil	3.81
spoke	4.61
spoof	3.10
spook	2.88
spool	2.84
spoon	3.88
spoor	2.10
spore	3.00
sport	4.73
spots	4.33
spout	3.11
sprag	1.15
sprat	1.98
spray	4.18
spree	3.56
sprig	2.43
sprit	2.03
sprue	2.05
sprug	0.00
spuds	2.47
spued	0.00
spues	0.00
spume	1.43
spumy	0.00
spunk	2.66
spurn	2.36
spurs	4.00
spurt	2.84
sputa	0.00
squab	1.97
squad	4.67
squat	3.48
squaw	2.68
squeg	0.00
squib	2.29
squid	3.44
stabs	3.05
stack	4.05
stade	2.71
staff	5.08
stage	5.10
stags	2.57
stagy	1.35
staid	2.58
staig	0.00
stain	3.70
stair	3.26
stake	4.15
stale	3.43
stalk	3.46
stall	3.79
stamp	4.11
stand	5.14
stane	1.92
stang	2.33
stank	2.76
staph	2.57
stare	3.91
stark	4.01
stars	4.86
start	5.56
stash	3.54
state	5.78
stats	4.33
stave	3.04
stays	4.26
stead	3.19
steak	3.97
steal	4.41
steam	4.52
steed	2.95
steek	1.28
steel	4.71
steep	3.99
steer	3.72
stein	3.65
stela	2.11
stele	2.34
stems	3.83
steno	2.14
steps	4.73
stere	1.20
stern	3.90
stets	1.43
stews	2.65
stich	2.06
stick	4.76
stied	0.00
sties	1.51
stiff	3.90
stile	2.39
still	5.92
stilt	2.37
stime	0.00
stimy	0.00
sting	3.80
stink	3.46
stint	3.61
stipe	2.73
stirk	1.64
stirp	0.00
stirs	2.99
stoae	0.00
stoai	0.00
stoas	0.00
stoat	2.04
stobs	0.00
stock	4.93
stogy	0.00
stoic	3.15
stoke	3.73
stole	4.21
stoma	2.21
stomp	3.25
stone	4.80
stony	3.30
stood	4.57
stook	1.35
stool	3.52
stoop	3.14
stope	1.46
stops	4.40
stopt	1.45
store	5.02
stork	2.88
storm	4.66
story	5.45
stoss	1.45
stoup	1.57
stour	2.20
stout	3.45
stove	3.71
stowp	0.00
stows	1.68
strap	3.79
straw	3.99
stray	3.74
strep	2.73
strew	1.63
stria	1.64
strip	4.36
strop	2.22
strow	1.08
stroy	1.50
strum	2.48
strut	3.16
stubs	2.83
stuck	4.68
studs	3.34
study	5.26
stuff	5.14
stull	1.89
stump	3.45
stums	0.00
stung	3.28
stunk	2.39
stuns	2.89
stunt	3.86
stupa	2.30
stupe	1.11
sturt	2.64
styed	0.00
styes	1.35
style	5.11
styli	1.55
stymy	0.00
suave	2.90
subah	1.63
subas	0.00
suber	1.62
sucks	4.38
sucre	2.45
sudds	0.00
sudor	0.00
sudsy	1.67
suede	3.25
suers	0.00
suets	0.00
suety	0.00
sugar	4.68
sughs	0.00
suing	3.50
suint	0.00
suite	4.18
suits	4.25
sulci	1.76
sulfa	1.93
sulfo	1.15
sulks	1.98
sulky	2.33
sully	3.11
sulus	0.00
sumac	2.34
summa	2.82
sumos	1.34
sumps	1.61
sunna	2.09
sunns	0.00
sunny	4.07
sunup	1.78
super	5.08
supes	2.02
supra	3.08
surah	2.54
sural	1.39
suras	1.70
surds	1.02
surer	2.18
surfs	2.22
surfy	1.15
surge	3.82
surgy	0.00
surly	2.85
surra	1.35
sushi	3.68
sutra	2.91
sutta	2.23
swabs	2.64
swage	1.57
swags	1.98
swail	1.32
swain	3.00
swale	2.16
swami	3.04
swamp	3.84
swamy	2.61
swang	1.67
swank	2.66
swans	3.33
swaps	3.15
sward	1.93
sware	1.83
swarf	1.53
swarm	3.44
swart	2.16
swash	2.21
swath	2.83
swats	2.02
sways	2.43
swear	4.51
sweat	4.14
swede	3.05
sweep	3.97
sweer	0.00
sweet	4.91
swell	3.64
swept	3.94
swift	4.15
swigs	1.72
swill	2.32
swims	3.01
swine	3.46
swing	4.34
swink	1.64
swipe	3.58
swirl	3.16
swish	2.89
swiss	4.21
swith	1.36
swive	0.00
swobs	0.00
swoon	2.88
swoop	3.20
swops	0.00
sword	4.37
swore	3.53
sworn	3.90
swots	1.22
swoun	0.00
swung	3.47
sycee	0.00
syces	0.00
sykes	3.29
sylis	0.00
sylph	1.98
sylva	2.08
synch	2.53
syncs	2.44
synod	3.32
synth	3.35
syphs	0.00
syren	1.78
syrup	3.76
sysop	1.46
tabby	2.79
taber	2.40
tabes	1.68
tabid	1.15
tabla	2.17
table	5.05
taboo	3.47
tabor	2.78
tabun	1.50
tabus	1.16
taces	0.00
tacet	1.12
tache	2.03
tachs	0.00
tacit	2.94
tacks	2.66
tacky	3.18
tacos	3.43
tacts	1.09
taels	2.19
taffy	2.71
tafia	0.00
tahrs	0.00
taiga	2.62
tails	3.68
tains	1.01
taint	2.98
tajes	0.00
taken	5.33
taker	3.23
takes	5.18
takin	3.21
talar	1.56
talas	1.72
talcs	0.00
taler	1.51
tales	4.10
talks	4.61
talky	2.05
tally	3.62
talon	2.97
taluk	2.26
talus	2.38
tamal	1.63
tamed	3.01
tamer	2.74
tames	2.07
tamis	1.21
tammy	3.35
tamps	1.32
tango	3.58
tangs	1.93
tangy	2.64
tanka	2.18
tanks	4.27
tansy	2.17
tanto	2.60
tapas	2.86
taped	3.50
taper	3.30
tapes	3.82
tapir	2.29
tapis	1.61
tardo	1.03
tardy	2.69
tared	0.00
tares	1.90
targe	1.78
tarns	1.69
taroc	0.00
tarok	1.29
taros	1.05
tarot	3.12
tarps	2.36
tarre	0.00
tarry	2.43
tarsi	1.85
tarts	2.98
tarty	1.45
tasks	4.23
tasse	1.46
taste	4.73
tasty	3.84
tatar	2.79
tater	2.60
tates	1.99
tatty	2.19
taunt	2.96
taupe	2.54
tauts	0.00
tawed	0.00
tawer	0.00
tawie	0.00
tawny	2.77
tawse	1.29
taxed	3.52
taxer	0.00
taxes	4.65
taxis	3.44
taxon	2.50
taxus	1.70
tazza	1.57
tazze	0.00
teach	4.67
teaks	0.00
teals	1.61
teams	4.97
tears	4.47
teary	2.84
tease	3.59
teats	2.27
techy	2.20
tecta	1.16
teddy	3.88
teels	0.00
teems	2.00
teens	4.16
teeny	3.05
teeth	4.58
teffs	0.00
tegua	0.00
teiid	0.00
teind	0.00
telae	0.00
teles	1.91
telex	2.34
telia	1.71
telic	1.61
tells	4.78
telly	3.20
teloi	0.00
telos	2.32
tempi	1.91
tempo	3.74
temps	3.33
tempt	3.22
tench	2.23
tends	4.12
tenet	3.00
tenia	1.47
tenon	2.19
tenor	3.40
tense	3.95
tenth	3.92
tents	3.60
tenty	0.00
tepal	0.00
tepas	0.00
tepee	2.03
tepid	2.71
tepoy	0.00
terai	2.00
terce	1.23
terga	1.01
terms	5.10
terne	1.10
terns	2.51
terra	3.44
terry	4.24
terse	2.67
tesla	3.77
testa	2.50
tests	4.67
testy	2.54
teths	0.00
tetra	2.72
teuch	0.00
teugh	0.00
tewed	0.00
texas	4.89
texts	4.34
thack	1.28
thane	2.88
thank	5.48
tharm	0.00
thaws	2.19
thebe	1.69
theca	1.46
theft	4.13
thegn	1.21
thein	2.35
their	6.33
theme	4.62
thens	1.22
there	6.31
therm	2.00
these	6.04
theta	3.16
thews	0.00
thewy	0.00
thick	4.46
thief	3.88
thigh	3.73
thill	1.64
thine	3.31
thing	5.72
think	6.08
thins	2.57
thiol	2.10
third	5.32
thirl	0.00
thole	1.96
thong	3.16
thorn	3.48
thoro	1.20
thorp	2.53
those	5.90
thous	1.84
thraw	0.00
three	5.78
threw	4.46
thrip	1.03
throb	2.68
throe	1.24
throw	4.83
thrum	1.97
thuds	1.99
thugs	3.56
thuja	1.74
thumb	4.01
thump	2.97
thunk	2.60
thurl	1.47
thuya	0.00
thyme	3.07
thymi	0.00
thymy	0.00
tiara	2.98
tibia	2.90
tical	1.44
ticks	3.38
tidal	3.70
tided	1.21
tides	3.47
tiers	3.25
tiffs	1.88
tiger	4.30
tight	4.57
tigon	0.00
tikes	1.81
tikis	1.30
tilak	2.33
tilde	2.19
tiled	3.00
tiler	1.91
tiles	3.71
tills	2.46
tilth	1.54
tilts	2.79
timed	3.62
timer	3.68
times	5.56
timid	3.25
tinct	1.11
tinea	2.20
tined	1.18
tines	2.33
tinge	2.83
tings	2.28
tinny	2.38
tints	2.60
tipis	1.75
tippy	2.49
tipsy	2.87
tired	4.71
tires	4.03
tirls	0.00
tiros	1.69
titan	3.69
titer	2.00
tithe	2.88
titis	1.38
title	5.10
titre	1.90
titty	3.01
tizzy	2.27
toads	2.90
toady	2.14
toast	3.96
today	5.55
toddy	2.55
toffs	1.91
toffy	0.00
tofts	1.34
tofus	0.00
togae	0.00
togas	1.84
togue	0.00
toile	1.86
toils	2.16
toits	1.17
tokay	1.89
toked	1.20
token	3.82
toker	1.72
tokes	1.75
tolan	1.80
tolas	1.07
toled	0.00
toles	1.76
tolls	3.30
tolus	0.00
tolyl	0.00
toman	1.86
tombs	3.34
tomes	2.61
tommy	4.16
tonal	3.09
tondi	0.00
tondo	1.95
toned	3.48
toner	3.07
tones	3.76
toney	2.29
tonga	3.10
tongs	2.80
tonic	3.39
tonne	3.21
tonus	1.52
tools	4.59
toons	2.52
tooth	4.08
toots	2.61
topaz	2.87
toped	0.00
topee	0.00
toper	1.14
topes	1.55
tophe	0.00
tophi	1.12
tophs	0.00
topic	4.49
topis	0.00
topoi	1.40
topos	2.07
toque	2.13
torah	3.41
toras	1.09
torch	3.74
torcs	0.00
tores	1.06
toric	1.94
torii	2.21
toros	2.28
torot	0.00
torse	1.07
torsi	0.00
torsk	0.00
torso	3.41
torte	2.11
torts	2.66
torus	2.57
total	5.21
toted	1.75
totem	3.09
toter	1.12
totes	2.94
touch	4.91
tough	4.77
tours	4.14
touse	1.23
touts	2.70
towed	3.38
towel	3.94
tower	4.50
towie	2.21
towns	4.39
towny	1.37
toxic	4.24
toxin	3.30
toyed	2.68
toyer	0.00
toyon	1.24
toyos	0.00
trace	4.19
track	5.02
tract	3.71
trade	5.12
tragi	1.73
traik	0.00
trail	4.45
train	4.96
trait	3.69
tramp	3.21
trams	3.05
trank	1.77
tranq	1.98
trans	4.41
traps	3.76
trapt	1.36
trash	4.42
trass	0.00
trave	1.80
trawl	2.65
trays	3.24
tread	3.52
treat	4.75
treed	1.92
treen	1.77
trees	4.69
treks	2.53
trend	4.51
tress	2.35
trets	0.00
trews	1.82
treys	1.72
triac	1.48
triad	3.23
trial	4.87
tribe	4.12
trice	2.40
trick	4.48
tried	5.16
trier	2.85
tries	4.53
trigo	1.72
trigs	1.04
trike	2.42
trill	2.73
trims	2.77
trine	2.46
triol	1.13
trios	2.54
tripe	2.71
trips	4.23
trite	2.80
troak	0.00
trock	0.00
trode	0.00
trois	2.81
troke	0.00
troll	3.73
tromp	2.06
trona	1.77
trone	1.45
troop	3.69
trooz	0.00
trope	3.10
troth	2.14
trots	2.42
trout	3.78
trove	3.04
trows	1.27
troys	1.24
truce	3.52
truck	4.64
trued	1.55
truer	2.97
trues	1.43
trugs	0.00
trull	1.77
truly	4.87
trump	4.93
trunk	4.03
truss	3.29
trust	5.13
truth	5.05
tryma	0.00
tryst	2.56
tsade	0.00
tsadi	0.00
tsars	2.22
tsked	0.00
tsuba	1.51
tubae	0.00
tubal	2.56
tubas	1.84
tubby	2.66
tubed	2.01
tuber	2.64
tubes	3.94
tucks	2.63
tufas	0.00
tuffs	1.80
tufts	3.10
tufty	1.58
tules	1.11
tulip	3.18
tulle	2.62
tumid	1.30
tummy	3.43
tumor	3.97
tumps	0.00
tunas	2.06
tuned	3.87
tuner	2.91
tunes	3.82
tungs	0.00
tunic	3.08
tunny	1.86
tupik	0.00
tuque	1.46
turbo	3.74
turds	2.55
turfs	1.70
turfy	0.00
turks	3.66
turns	4.76
turps	1.67
tushy	1.78
tusks	2.80
tutee	1.06
tutor	3.67
tutti	2.66
tutty	1.34
tutus	2.11
tuxes	1.88
tuyer	0.00
twaes	0.00
twain	3.39
twang	2.56
twats	2.62
tweak	3.27
tweed	3.25
tween	2.84
tweet	4.17
twerp	2.11
twice	4.84
twier	0.00
twigs	3.12
twill	2.66
twine	2.93
twins	4.15
twiny	0.00
twirl	2.69
twirp	1.14
twist	4.22
twits	2.27
twixt	2.08
twyer	0.00
tyees	0.00
tyers	1.88
tying	3.68
tykes	2.01
tyned	0.00
tynes	1.80
typal	0.00
typed	3.52
types	4.85
typey	0.00
typic	1.46
typos	3.01
typps	0.00
tyred	1.62
tyres	3.52
tyros	1.59
tythe	0.00
tzars	0.00
udder	2.29
uhlan	1.29
ukase	1.40
ulama	2.25
ulans	0.00
ulcer	3.03
ulema	2.15
ulnad	0.00
ulnae	0.00
ulnar	2.39
ulnas	0.00
ulpan	1.10
ultra	4.23
ulvas	0.00
umbel	1.72
umber	2.39
umbos	0.00
umbra	2.39
umiac	0.00
umiak	1.25
umiaq	0.00
umped	0.00
unais	0.00
unapt	0.00
unarm	0.00
unary	1.93
unaus	0.00
unban	1.84
unbar	1.06
unbid	0.00
unbox	2.01
uncap	1.37
uncia	1.13
uncle	4.45
uncos	0.00
uncoy	0.00
uncus	1.21
uncut	3.25
undee	0.00
under	5.73
undid	2.53
undue	3.29
unfed	1.63
unfit	3.52
unfix	1.12
ungot	0.00
unhat	0.00
unhip	1.32
unify	3.07
union	5.08
unite	3.90
units	4.77
unity	4.22
unlay	0.00
unled	0.00
unlet	0.00
unlit	2.44
unman	1.11
unmet	2.73
unmew	0.00
unmix	0.00
unpeg	0.00
unpen	0.00
unpin	1.44
unrig	0.00
unrip	0.00
unsay	1.51
unset	1.82
unsew	0.00
unsex	1.23
untie	2.51
until	5.61
unwed	2.52
unwit	0.00
unwon	0.00
unzip	2.55
upbow	0.00
upbye	0.00
updos	1.32
updry	0.00
upend	2.26
uplit	0.00
upped	3.07
upper	4.72
upset	4.61
uraei	0.00
urare	0.00
urari	0.00
urase	0.00
urate	1.80
urban	4.65
urbia	0.00
ureal	0.00
ureas	1.34
uredo	0.00
ureic	0.00
urged	4.01
urger	0.00
urges	3.69
urial	0.00
urine	3.84
ursae	1.22
usage	4.23
users	4.80
usher	3.51
using	5.47
usnea	1.24
usque	1.58
usual	4.62
usurp	2.70
usury	2.54
uteri	1.73
utile	1.66
utter	3.85
uveal	1.68
uveas	0.00
uvula	1.98
vacua	1.31
vagal	2.11
vague	3.87
vagus	2.39
vails	1.23
vairs	0.00
vakil	1.85
vales	2.06
valet	3.17
valid	4.38
valor	3.23
valse	1.87
value	5.15
valve	4.13
vamps	2.59
vanda	2.30
vaned	0.00
vanes	2.30
vangs	0.00
vapid	2.50
vapor	3.56
varas	1.80
varia	2.23
varix	1.50
varna	2.78
varus	2.41
varve	1.05
vasal	1.09
vases	3.11
vasts	0.00
vasty	1.23
vatic	1.18
vatus	0.00
vault	3.90
vaunt	1.39
veals	0.00
vealy	0.00
veena	2.20
veeps	0.00
veers	2.54
veery	1.47
vegan	3.95
vegie	1.38
veils	2.85
veins	3.76
veiny	2.08
velar	2.30
velds	0.00
veldt	1.91
velum	1.66
venae	0.00
venal	2.34
vends	1.29
venge	1.62
venin	0.00
venom	3.57
vents	3.32
venue	4.25
verbs	3.44
verge	3.67
verse	4.18
verso	2.72
verst	1.31
verts	1.96
vertu	2.02
verve	2.85
vesta	2.59
vests	3.19
vetch	2.18
vexed	2.81
vexer	0.00
vexes	1.81
vexil	0.00
vials	3.00
viand	0.00
vibes	3.55
vicar	3.37
viced	0.00
vices	3.01
vichy	2.74
video	5.43
viers	1.04
views	4.83
viewy	0.00
vigas	0.00
vigil	3.24
vigor	3.03
viler	1.28
villa	4.20
villi	2.03
vills	1.37
vimen	0.00
vinal	1.30
vinas	1.19
vinca	1.92
vined	0.00
vines	3.57
vinic	0.00
vinos	1.38
vinyl	4.00
viola	3.54
viols	1.66
viper	3.31
viral	4.08
vireo	1.99
vires	2.02
virga	1.54
virid	0.00
virls	0.00
virtu	1.93
virus	4.42
visas	3.47
vised	0.00
vises	1.53
visit	5.04
visor	2.98
vista	3.71
vitae	2.80
vital	4.38
vitta	1.43
vivas	1.75
vivid	3.75
vixen	2.94
vizir	1.20
vizor	1.16
vocal	4.16
voces	1.96
vodka	3.83
vodun	1.36
vogie	0.00
vogue	3.71
voice	5.07
voids	2.81
voila	2.93
voile	2.00
volar	1.78
voled	0.00
voles	2.45
volta	2.98
volte	2.46
volti	1.01
volts	3.20
volva	1.24
vomer	1.45
vomit	3.53
voted	4.62
voter	4.11
votes	4.64
vouch	3.13
vowed	3.39
vowel	3.33
vower	0.00
vroom	2.72
vrouw	1.40
vrows	0.00
vuggs	0.00
vuggy	0.00
vughs	0.00
vulgo	1.19
vulva	2.74
vying	2.92
wacke	0.00
wacko	2.38
wacks	1.39
wacky	3.29
waddy	1.92
waded	2.58
wader	1.82
wades	2.19
wadis	1.62
wafer	3.13
waffs	0.00
wafts	2.07
waged	3.20
wager	3.43
wages	4.25
wagon	3.90
wahoo	2.57
waifs	1.97
wails	2.45
wains	1.31
wairs	0.00
waist	3.96
waits	3.68
waive	3.24
waked	2.09
waken	2.29
waker	2.20
wakes	3.68
waled	0.00
waler	1.13
wales	4.60
walks	4.32
walla	2.92
walls	4.62
wally	3.45
waltz	3.38
wames	0.00
wamus	0.00
wands	2.76
waned	2.87
wanes	2.34
waney	0.00
wanly	1.43
wants	5.24
wards	3.64
wared	0.00
wares	3.18
warks	1.41
warms	3.19
warns	3.73
warps	2.44
warts	3.01
warty	2.08
washy	2.61
wasps	3.30
waspy	1.57
waste	4.81
wasts	0.00
watap	0.00
watch	5.34
water	5.52
watts	3.79
waugh	2.94
wauks	0.00
wauls	0.00
waved	3.54
waver	2.75
waves	4.37
wavey	1.88
wawls	0.00
waxed	3.08
waxen	1.69
waxer	1.51
waxes	2.65
weald	2.30
weals	0.00
weans	1.73
wears	4.08
weary	3.61
weave	3.53
webby	2.38
weber	3.60
wecht	1.53
wedel	1.82
wedge	3.62
wedgy	1.15
weeds	3.52
weedy	2.37
weeks	5.19
weens	0.00
weeny	2.13
weeps	2.78
weepy	2.34
weest	0.00
weets	0.00
wefts	1.60
weigh	3.99
weird	4.81
weirs	2.32
wekas	0.00
welch	3.37
welds	2.64
wells	4.25
welly	2.21
welsh	4.15
welts	2.27
wench	2.67
wends	1.86
wenny	0.00
wests	2.71
wetly	1.41
whack	3.43
whale	3.98
whamo	0.00
whams	0.00
whang	1.83
whaps	0.00
wharf	3.48
whats	3.88
whaup	0.00
wheal	2.12
wheat	4.01
wheel	4.50
wheen	1.53
wheep	0.00
whelk	1.90
whelm	1.30
whelp	2.49
whens	1.93
where	6.00
whets	1.69
whews	0.00
wheys	0.00
which	6.30
whids	0.00
whiff	3.22
whigs	2.80
while	5.86
whims	2.94
whine	3.28
whins	1.15
whiny	2.89
whips	3.19
whipt	0.00
whirl	2.96
whirr	2.01
whirs	1.37
whish	2.02
whisk	3.11
whist	2.40
white	5.51
whits	1.18
whity	1.23
whizz	2.49
whole	5.46
whomp	1.87
whoof	1.13
whoop	3.20
whops	0.00
whore	3.86
whorl	2.56
whort	0.00
whose	5.07
whoso	2.00
whump	1.35
wicks	2.82
widdy	0.00
widen	3.25
wider	4.24
wides	1.98
widow	4.08
width	4.02
wield	3.21
wifed	1.22
wifes	2.51
wifty	0.00
wigan	3.42
wiggy	1.92
wight	3.23
wilco	2.52
wilds	2.90
wiled	0.00
wiles	2.71
wills	3.61
willy	3.61
wilts	2.35
wimps	2.39
wimpy	2.76
wince	2.61
winch	3.04
winds	4.22
windy	3.57
wined	2.05
wines	3.80
winey	1.47
wings	4.44
wingy	1.36
winks	2.80
winos	1.57
winze	0.00
wiped	3.86
wiper	2.81
wipes	3.40
wired	3.80
wirer	0.00
wires	3.85
wirra	0.00
wised	2.01
wiser	3.48
wises	1.43
wisha	0.00
wisps	2.44
wispy	2.42
wists	0.00
witan	1.66
witch	4.11
wited	0.00
wites	0.00
withe	2.11
withy	1.81
witty	3.56
wived	0.00
wiver	0.00
wives	4.08
wizen	0.00
wizes	0.00
woads	0.00
woald	0.00
wodge	1.24
woful	0.00
woken	3.37
wolds	1.94
wolfs	2.14
woman	5.35
wombs	2.27
womby	0.00
women	5.57
wonks	1.96
wonky	2.84
wonts	0.00
woods	4.45
woody	3.82
wooed	2.52
wooer	1.18
woofs	1.48
wools	2.01
wooly	2.49
woops	2.40
woosh	1.86
woozy	2.40
words	5.25
wordy	2.56
works	5.29
world	5.89
worms	3.78
wormy	2.03
worry	4.84
worse	4.89
worst	4.93
worth	5.16
worts	1.58
would	6.27
wound	4.24
woven	3.56
wowed	2.62
wrack	2.21
wrang	1.17
wraps	3.57
wrapt	1.15
wrath	3.70
wreak	2.94
wreck	3.96
wrens	2.22
wrest	2.63
wrick	0.00
wried	0.00
wrier	0.00
wries	0.00
wring	2.75
wrist	4.01
write	5.03
writs	2.55
wrong	5.39
wrote	5.04
wroth	2.10
wrung	2.36
wryer	0.00
wryly	2.41
wurst	2.21
wussy	1.92
wyled	0.00
wyles	1.51
wynds	0.00
wynns	1.44
wyted	0.00
wytes	0.00
xebec	1.16
xenia	2.47
xenic	0.00
xenon	2.90
xeric	1.65
xerox	3.01
xerus	0.00
xylan	1.45
xylem	2.21
xylol	0.00
xylyl	0.00
xysti	0.00
xysts	0.00
yacht	3.82
yacks	0.00
yaffs	0.00
yager	2.01
yagis	0.00
yahoo	3.86
yaird	0.00
yamen	1.77
yamun	0.00
yangs	1.79
yanks	3.03
yapok	0.00
yapon	0.00
yards	4.51
yarer	0.00
yarns	2.93
yauds	0.00
yauld	0.00
yaups	0.00
yawed	1.02
yawls	1.12
yawns	2.66
yawps	0.00
yeans	0.00
yearn	2.97
years	5.96
yeast	3.67
yecch	0.00
yechs	0.00
yechy	0.00
yeggs	0.00
yelks	0.00
yells	3.45
yelps	2.08
yenta	1.21
yente	1.08
yerba	2.34
yerks	0.00
yeses	1.97
yetis	1.87
yetts	0.00
yeuks	0.00
yeuky	0.00
yield	4.16
yikes	3.44
yills	0.00
yince	0.00
yipes	1.62
yirds	0.00
yirrs	0.00
yirth	0.00
ylems	0.00
yobbo	1.14
yocks	0.00
yodel	2.34
yodhs	0.00
yodle	0.00
yogas	1.93
yogee	0.00
yoghs	0.00
yogic	2.30
yogin	1.33
yogis	2.28
yoked	2.33
yokel	1.91
yokes	2.07
yolks	2.83
yolky	1.05
yomim	0.00
yonic	0.00
yonis	1.14
yores	0.00
young	5.43
yourn	1.25
yours	4.75
youse	2.28
youth	4.75
yowed	0.00
yowes	0.00
yowie	1.47
yowls	1.26
yuans	1.23
yucas	0.00
yucca	2.65
yucch	0.00
yucks	1.25
yucky	2.48
yugas	1.35
yulan	1.25
yules	0.00
yummy	3.54
yupon	0.00
yurta	0.00
yurts	2.00
zaire	2.89
zamia	1.23
zanza	1.16
zappy	1.54
zarfs	0.00
zaxes	0.00
zayin	0.00
zazen	1.97
zeals	0.00
zebec	0.00
zebra	3.40
zebus	0.00
zeins	0.00
zerks	0.00
zeros	3.06
zests	0.00
zesty	2.41
zetas	2.46
zibet	0.00
zilch	2.47
zills	0.00
zincs	0.00
zincy	0.00
zineb	1.34
zings	1.71
zingy	1.84
zinky	0.00
zippy	2.52
ziram	0.00
zitis	0.00
zizit	0.00
zlote	0.00
zloty	2.05
zoeae	0.00
zoeal	0.00
zoeas	0.00
zombi	1.72
zonal	2.74
zoned	3.16
zoner	1.38
zones	4.12
zonks	0.00
zooid	1.31
zooks	1.21
zooms	2.72
zoons	0.00
zooty	0.00
zoril	0.00
zoris	0.00
zowie	1.97
zymes	0.00
